cadence_hz,stride_time_mean,stride_time_cv,jerk_rms_flex,gyro_rms_flex,gyro_peak_flex,gyro_std_flex,jerk_rms_abad,gyro_rms_abad,gyro_peak_abad,gyro_std_abad,jerk_rms_rot,gyro_rms_rot,gyro_peak_rot,gyro_std_rot,gait_high_freq_ratio,stride_amplitude_cv,piezo_total_power,band_low_0_100,band_mid_100_200,band_crepitus_200_800,band_high_800_2000,spectral_entropy,dominant_freq,zero_crossing_rate,n_transient_bursts,burst_energy_ratio,melband_0,melband_1,melband_2,melband_3,melband_4,melband_5,label
1.5686274509803924,0.6375,0.2538742440120042,55.23476,0.43038228,1.2399371,0.43015146,27.943676,0.2140352,0.732697,0.21374257,40.172318,0.2791017,0.8933749,0.2790729,0.39297143,0.2889541,0.006419691,0.72534627,0.01385036,0.08064741,0.17986453,3.006094,39.0625,0.210125,80,0.17157567,0.0047341892,0.00020060173,0.00024117953,0.00027124197,0.00027648456,0.0003672212,1
1.7543859649122806,0.5700000000000001,0.10871532009151835,47.08974,0.3445805,1.0532237,0.3445758,29.218616,0.20999157,0.76695067,0.20967244,30.860668,0.22775397,0.70452034,0.22761853,0.4378483,0.38157943,0.0051846295,0.8836158,0.006354117,0.037029613,0.07286934,1.9128468,39.0625,0.20704166666666668,2,0.00051137083,0.0046035517,7.2672614e-05,8.216656e-05,9.500811e-05,0.00010980884,0.00012284532,0
1.4814814814814814,0.675,0.25542132435770876,57.466087,0.45098054,1.418932,0.45075542,30.182486,0.22597662,0.74538946,0.22572929,41.55282,0.2931734,0.90962744,0.2931733,0.40237862,0.26291907,0.005688273,0.8170438,0.012059189,0.060737457,0.11003303,2.3908148,39.0625,0.212375,43,0.08839234,0.0047050775,0.00014148267,0.00016743223,0.00016594,0.0001780291,0.00021068472,1
1.8214936247723132,0.549,0.06885631266722851,45.91322,0.3514121,1.2657976,0.35086018,28.179468,0.20511432,0.611492,0.20500636,32.254517,0.22876331,0.77058417,0.22875988,0.4210708,0.62651926,0.0052253413,0.8833038,0.006460755,0.037414968,0.07269329,1.9130456,39.0625,0.20558333333333334,0,0.0,0.004638549,7.411597e-05,8.515049e-05,9.8958146e-05,0.00011034577,0.00012071851,0
1.5037593984962405,0.665,0.24200716838231448,58.946255,0.4365606,1.6877024,0.436559,29.65716,0.21598335,0.70489836,0.2156437,40.13947,0.28836235,1.0914563,0.28835776,0.42972237,0.23855922,0.0056697163,0.81186247,0.010303922,0.05520771,0.1224015,2.4247892,39.0625,0.21091666666666667,46,0.07403448,0.00465062,0.00012027715,0.00014101528,0.0001570092,0.00017197205,0.00021607036,1
1.8739352640545146,0.5336363636363636,0.05832109862983864,45.950783,0.35595962,1.1209121,0.3545675,28.172392,0.20427683,0.6294551,0.20407754,30.508831,0.21966319,0.64281046,0.21948166,0.38202563,0.681404,0.005191107,0.88164407,0.006364212,0.036991462,0.07480521,1.9287021,39.0625,0.20766666666666667,0,0.0,0.0045991554,7.351054e-05,8.334934e-05,9.397102e-05,0.00010866793,0.00012526974,0
1.4311270125223614,0.69875,0.24668136946599076,57.0149,0.42342043,1.4918587,0.42308435,28.175941,0.20968768,0.6375367,0.20968068,41.1745,0.28846046,0.90337884,0.28795743,0.43065026,0.20775625,0.00591148,0.7741103,0.010265026,0.076445945,0.13899432,2.6783257,39.0625,0.21433333333333332,72,0.13337865,0.004626102,0.00013165023,0.00016048177,0.00021026221,0.0002913716,0.00031723807,1
1.4678899082568806,0.68125,0.22992955918059502,56.547405,0.43409088,1.3037168,0.4334872,28.90359,0.22252212,0.6580881,0.22235836,40.33305,0.30151093,0.81131065,0.30121318,0.4070515,0.21131703,0.005897047,0.77933514,0.008111027,0.059959996,0.15240669,2.6484704,39.0625,0.20916666666666667,60,0.12583895,0.0046328586,0.00012324884,0.00015016716,0.00017474359,0.00020338774,0.0002531878,1
1.4652014652014655,0.6824999999999999,0.17609106469788796,46.49934,0.337906,1.0191895,0.33783278,27.737576,0.19767249,0.55726916,0.19753641,31.287687,0.21613492,0.69567436,0.2159273,0.49194723,0.16451046,0.0051824027,0.8828047,0.0063844495,0.03569175,0.074997425,1.9196236,39.0625,0.20541666666666666,0,0.0,0.0045975517,7.299226e-05,8.3620354e-05,9.139422e-05,0.00010134003,0.00012040406,0
1.4545454545454546,0.6875,0.25180340909760945,46.308197,0.3348215,1.1201004,0.33476546,27.86697,0.19859163,0.65826094,0.1985873,32.38037,0.22595654,0.6503379,0.22566925,0.4663353,0.24775724,0.005236237,0.8831219,0.006696028,0.03611837,0.073968306,1.9189329,39.0625,0.20658333333333334,1,0.00023314786,0.0046484764,7.0532624e-05,8.071582e-05,9.569494e-05,0.00010839939,0.00012358843,0
1.4625228519195612,0.68375,0.22585651333506293,43.916008,0.3366849,1.1581558,0.3366845,28.76053,0.20795031,0.6196028,0.2075206,32.356693,0.22226858,0.8023379,0.22215393,0.39960077,0.20166436,0.0052063717,0.8826179,0.006298251,0.036525007,0.07443525,1.9207655,39.0625,0.208625,0,0.0,0.004617351,7.204091e-05,8.1636754e-05,9.6073476e-05,0.00010851678,0.000120899866,0
1.530612244897959,0.6533333333333333,0.21477106997645493,48.51025,0.36076868,1.1204844,0.36067185,28.142778,0.20589946,0.5907791,0.20561796,29.405117,0.21364084,0.70692796,0.21363506,0.42537993,0.5080651,0.0051852097,0.8827056,0.0062035667,0.03711159,0.07382863,1.9211974,39.0625,0.20425,0,0.0,0.0045985905,7.2522365e-05,8.453211e-05,9.530528e-05,0.0001078899,0.00012290588,0
1.5597920277296358,0.6411111111111112,0.2551842222838642,53.899956,0.4100967,1.2941234,0.41002145,29.678596,0.21859962,0.8320587,0.21857917,38.26978,0.28179106,0.86447936,0.28178743,0.38290188,0.3470661,0.0058691124,0.7887794,0.008961796,0.07132488,0.1307878,2.5828855,39.0625,0.21308333333333335,65,0.097342364,0.0046711056,0.00012222613,0.0001596479,0.00021766529,0.0002589196,0.0002600187,1
1.55440414507772,0.6433333333333334,0.2669273921698593,58.538418,0.4435825,1.3143035,0.44348478,30.269396,0.22083978,0.7798256,0.22082956,40.793053,0.28697935,1.0578321,0.28655142,0.35522333,0.19517556,0.0058960957,0.7809175,0.011093835,0.07830135,0.12907177,2.638846,39.0625,0.20779166666666668,53,0.09319474,0.004658905,0.00014500825,0.00019292683,0.00023742125,0.0002686907,0.00026094852,1
1.6917293233082706,0.5911111111111111,0.14800766430084422,57.051502,0.42307112,1.4064887,0.42304078,28.167889,0.20446636,0.68346274,0.20438111,40.097187,0.28665438,0.9788183,0.28649947,0.46332586,0.38668346,0.005968105,0.77880126,0.013376992,0.06895383,0.13860491,2.6631427,39.0625,0.21325,62,0.106234506,0.0047166613,0.00017994209,0.00020552144,0.00020646775,0.0002059599,0.00024371766,1
1.478743068391867,0.67625,0.20793797161508257,44.726616,0.333993,1.0514748,0.3339065,29.167194,0.2099594,0.6480886,0.20995125,31.802298,0.22284007,0.7134294,0.22256094,0.47460824,0.24208954,0.0052484595,0.8821784,0.0062008486,0.03729034,0.074196175,1.9250884,39.0625,0.20420833333333333,0,0.0,0.0046517863,7.441157e-05,8.83719e-05,9.7730874e-05,0.000107335276,0.00012432328,0
1.6891891891891893,0.592,0.16426007534889359,45.51833,0.3296708,1.01123,0.32966998,29.103231,0.20629099,0.61344105,0.20621976,31.188448,0.22713248,0.68642527,0.22682662,0.46168876,0.3812047,0.005206981,0.88268113,0.00613869,0.0372014,0.0738333,1.919931,39.0625,0.20554166666666668,2,0.0004767451,0.0046173907,7.307926e-05,8.4354724e-05,9.478372e-05,0.000109342756,0.00012319334,0
1.4234875444839858,0.7025,0.21667308502798124,57.29592,0.45083895,1.4216001,0.45081174,27.607656,0.21264245,0.70129484,0.21253084,40.508255,0.27951452,1.0125872,0.27951,0.40849125,0.21409845,0.006017581,0.7567101,0.014873869,0.08433197,0.14381874,2.810339,39.0625,0.214625,71,0.1276457,0.004632323,0.00020604485,0.00025301275,0.00026429756,0.0002543973,0.00027832092,1
1.5332197614991478,0.6522222222222224,0.22484641497709296,47.293873,0.3540735,1.1673794,0.3540242,27.26593,0.19213131,0.5639663,0.19207554,31.69171,0.23083521,0.71179545,0.23058358,0.48784378,0.26613832,0.005177931,0.8833397,0.006367177,0.037049305,0.07315144,1.9158633,39.0625,0.20608333333333334,2,0.00046430406,0.0045962622,7.159036e-05,8.2482475e-05,9.568422e-05,0.000109346896,0.00012362981,0
1.465201465201465,0.6825,0.2396119590009426,55.319866,0.41915867,1.648612,0.4189965,28.82808,0.21317811,0.6262385,0.21314128,40.84343,0.28621945,0.94762206,0.2861962,0.36452782,0.39644465,0.0061350483,0.7572291,0.012213379,0.076822855,0.15335876,2.7951894,39.0625,0.21158333333333335,59,0.12240538,0.00470946,0.00017957832,0.00021691356,0.00021129179,0.00025434254,0.0003350699,1
1.592920353982301,0.6277777777777778,0.1979296047613941,59.41272,0.45148593,1.2205802,0.45148572,29.056322,0.21458212,0.7001145,0.21449651,41.082493,0.29212078,0.9084155,0.29209518,0.3925868,0.41359183,0.0059372173,0.7768091,0.0149761485,0.07396713,0.13411096,2.6695142,39.0625,0.21116666666666667,86,0.13254537,0.004689986,0.00016142224,0.00019346947,0.00024883822,0.00024564055,0.00023216354,1
1.3333333333333333,0.75,0.2028370184303504,43.761234,0.32321957,0.9677965,0.32321957,26.676573,0.20229074,0.5684427,0.20228127,33.311157,0.23223084,0.81652915,0.23223042,0.42212838,0.2394081,0.0052093733,0.8832578,0.006149023,0.036765788,0.07370622,1.9158628,39.0625,0.20445833333333333,1,0.00023289528,0.0046225525,7.096091e-05,8.3673694e-05,9.6094496e-05,0.00010784371,0.00012552507,0
1.465201465201465,0.6825,0.25311858532216813,44.381855,0.3249661,1.0204293,0.3249275,29.386572,0.21423848,0.65558773,0.21419069,29.994722,0.2197255,0.7645872,0.21970017,0.49822435,0.32506582,0.005235352,0.88395584,0.00623258,0.03745976,0.072252035,1.9090136,39.0625,0.205625,1,0.00023200997,0.0046496233,7.5327756e-05,8.6959364e-05,9.489118e-05,0.000109145934,0.00012403741,0
1.2939001848428835,0.7728571428571429,0.23965505062720552,47.20057,0.34515408,0.9995908,0.3446137,27.123245,0.2011511,0.5722474,0.2010477,31.09092,0.22028387,0.7046564,0.22019161,0.4654165,0.40622297,0.005230486,0.88553345,0.0056488644,0.035869177,0.072815545,1.8985901,39.0625,0.200125,3,0.00073769974,0.0046504857,6.861505e-05,8.247544e-05,9.229315e-05,0.00010512886,0.00012256212,0
1.7307692307692306,0.5777777777777778,0.10693414256812325,46.264046,0.34067827,1.3046321,0.34034133,27.714905,0.204859,0.6204538,0.20484366,30.845383,0.2184194,0.7200632,0.21822168,0.4542875,0.39099678,0.005188967,0.8845178,0.0056051672,0.0368971,0.07285187,1.9097073,39.0625,0.20645833333333333,1,0.00026161736,0.0046081846,7.0508824e-05,8.361852e-05,9.1531176e-05,0.00010783001,0.00012188813,0
1.3539651837524178,0.7385714285714285,0.16620929027523848,55.69463,0.42210406,1.3409843,0.42194116,31.161835,0.22278899,0.75812066,0.22236262,39.983074,0.276007,0.79536533,0.27506173,0.43149635,0.16123138,0.0060248524,0.7683249,0.0150056025,0.068231836,0.14826624,2.7291765,39.0625,0.21325,64,0.12975118,0.004708349,0.00018258773,0.00019814307,0.000226938,0.00021290139,0.00025330062,1
1.4466546112115732,0.69125,0.23286617669142362,53.08421,0.4097382,1.4610288,0.4091839,28.602758,0.21088299,0.753778,0.21084541,39.489292,0.28267652,0.8978175,0.2826425,0.3808038,0.37591702,0.0061932052,0.7457469,0.013813152,0.084687635,0.15551595,2.8737223,39.0625,0.20791666666666667,73,0.13805345,0.004693081,0.00017620278,0.00024170868,0.00028137333,0.00028271004,0.00028948957,1
1.4492753623188408,0.69,0.2717149708338798,44.210945,0.32510188,0.9977377,0.32510054,27.720303,0.20074086,0.6207562,0.2003893,31.095741,0.21975194,0.649414,0.21954767,0.47077668,0.21024321,0.005191388,0.88417464,0.006434895,0.036231186,0.07306172,1.9099472,39.0625,0.20916666666666667,0,0.0,0.0046128444,7.23373e-05,8.133272e-05,8.947803e-05,0.0001067484,0.00012495433,0
1.3961605584642234,0.71625,0.26025734760485164,44.179977,0.31477737,1.064652,0.31477332,27.756548,0.20456724,0.59635705,0.20430791,31.3964,0.22698623,0.6953839,0.22680931,0.47398314,0.24480951,0.005210346,0.8835325,0.0065641194,0.036260072,0.073494084,1.9127822,39.0625,0.20733333333333334,0,0.0,0.004626991,7.363471e-05,8.2377584e-05,9.378409e-05,0.00010654088,0.00012217878,0
1.3333333333333333,0.75,0.20507837949335142,58.089466,0.43067548,1.3344969,0.43047634,29.28864,0.21792617,0.643929,0.21792543,40.69508,0.2914911,0.95681256,0.29104748,0.43584076,0.15623766,0.0064054467,0.7218673,0.010253228,0.089015216,0.17869557,3.0350778,39.0625,0.20991666666666667,91,0.16564177,0.004678597,0.00016835575,0.00022875032,0.00028730484,0.0003413475,0.00037163866,1
1.7543859649122813,0.5699999999999998,0.1259687652083726,57.667336,0.43752787,1.3680681,0.43751433,29.401249,0.217547,0.64269197,0.21745983,39.53453,0.28031525,0.84763,0.2796468,0.41042152,0.2421368,0.0056435065,0.81583524,0.012614471,0.053274702,0.11801603,2.3991117,39.0625,0.212,59,0.09643404,0.0046644667,0.000158477,0.00014976916,0.00013805542,0.00015086438,0.0001708205,1
1.645338208409506,0.6077777777777779,0.20088071813435296,56.100674,0.42768195,1.2551206,0.42765588,29.792913,0.22128734,0.7327428,0.22115561,41.127148,0.28705224,0.8764983,0.28693545,0.4430802,0.31460336,0.005643003,0.8069869,0.0075021163,0.05957803,0.12579021,2.4569979,39.0625,0.20916666666666667,37,0.07527711,0.0045856335,0.00010154599,0.00012305936,0.00016003,0.00021310938,0.0002290541,1
1.289134438305709,0.7757142857142857,0.15172986857104023,45.805103,0.3356125,0.90304023,0.3355328,28.91749,0.20779593,0.6805061,0.20779212,30.415394,0.21474235,0.66444075,0.21471868,0.42638466,0.087327756,0.0052337465,0.8838975,0.006457544,0.037534244,0.07201222,1.9071624,39.0625,0.20320833333333332,1,0.0002573923,0.004649069,7.532167e-05,8.394827e-05,9.7472024e-05,0.00011248663,0.0001213486,0
1.4414414414414416,0.69375,0.23750317362993745,56.010334,0.42294997,1.3096633,0.42271373,28.882069,0.21072647,0.59430444,0.21072458,39.181557,0.2879847,0.8340488,0.2879554,0.36675057,0.2121254,0.005883792,0.794485,0.011300866,0.068998255,0.12501688,2.5434961,39.0625,0.20920833333333333,48,0.099220246,0.0047298726,0.00015677077,0.00020983371,0.00022559328,0.00019609646,0.0002175431,1
1.478743068391867,0.67625,0.23298270124090378,45.333714,0.33109424,1.0537056,0.33090204,29.447636,0.21301025,0.59851545,0.21296647,31.194143,0.22602482,0.6964699,0.22578315,0.47692737,0.3920672,0.0052122525,0.88377017,0.006370334,0.0371809,0.07253038,1.9107547,39.0625,0.206875,1,0.00024306364,0.004628908,7.15833e-05,8.125161e-05,9.477735e-05,0.000112534995,0.00012515008,0
1.5358361774744027,0.6511111111111111,0.2455678203506628,55.59641,0.42676425,1.2110096,0.42619035,29.408031,0.21865188,0.70179707,0.21857406,39.724865,0.28076795,0.85990566,0.28073162,0.41183168,0.24734639,0.00579189,0.7920268,0.009615679,0.05921276,0.1389849,2.5524054,39.0625,0.209375,41,0.086415,0.00463228,0.00012550189,0.00015316221,0.0001768361,0.00018976188,0.00023288284,1
1.4869888475836435,0.6724999999999999,0.1708015589123953,44.71575,0.3376911,1.3388815,0.33767742,29.28817,0.20885086,0.8114828,0.20884539,31.363668,0.21806085,0.7443891,0.21805786,0.44164744,0.26767224,0.005184482,0.8830125,0.0063526463,0.03722052,0.073288925,1.9186934,39.0625,0.20604166666666668,2,0.0004880129,0.004600301,7.3698546e-05,8.43752e-05,9.533119e-05,0.00010858443,0.00012377236,0
1.4678899082568806,0.68125,0.26385677986198325,57.178417,0.43414128,1.4269216,0.43402848,28.06699,0.2125591,0.708407,0.21250708,39.282066,0.27927125,0.9465792,0.27916545,0.38384256,0.46695077,0.005551477,0.8247803,0.007825322,0.05424767,0.112991795,2.3264275,39.0625,0.210625,39,0.0735377,0.0046115406,0.00011151664,0.00013740837,0.00013650492,0.00016372348,0.00020117448,1
1.6513761467889907,0.6055555555555556,0.2058319769661531,45.618805,0.3380114,1.1072868,0.33776894,28.10432,0.20089196,0.8853498,0.2006242,29.318316,0.21989273,0.65603477,0.21915762,0.41645557,0.40019128,0.0052006245,0.880789,0.0067107626,0.037380744,0.07503681,1.9317905,39.0625,0.208375,3,0.0007245383,0.004604934,7.4208096e-05,8.479603e-05,9.7821256e-05,0.000109597575,0.00012644348,0
1.5463917525773194,0.6466666666666667,0.14615924391256654,55.954895,0.42255178,1.3262644,0.42239866,29.492252,0.21598148,0.682039,0.21588792,41.643974,0.29554975,0.9059327,0.2949513,0.42234257,0.3836974,0.0057464372,0.801951,0.007911886,0.07068117,0.11933929,2.50036,39.0625,0.21058333333333334,51,0.0824146,0.004643031,0.00012726263,0.00016374685,0.00019524209,0.00024237524,0.00026776572,1
1.478743068391867,0.67625,0.16482140245336854,61.757793,0.45774505,1.4261471,0.45538896,30.537579,0.22794668,0.70316374,0.22774287,41.278313,0.29978186,0.8704993,0.29964864,0.43403667,0.2094501,0.0060040336,0.7618128,0.008651993,0.07619499,0.15310852,2.7666364,39.0625,0.21208333333333335,50,0.11500181,0.0046152305,0.00012069883,0.00016607913,0.0002142306,0.00029134194,0.00036444052,1
1.5873015873015872,0.63,0.18067059056040197,46.89187,0.34416753,1.4003586,0.3441675,26.948366,0.20312646,0.6557322,0.20298149,30.508282,0.2182568,0.7574368,0.21790582,0.4779292,0.3229956,0.0051984456,0.8812232,0.0063515576,0.03713415,0.07512426,1.9332097,39.0625,0.20820833333333333,0,0.0,0.004603397,7.40013e-05,8.385737e-05,9.61636e-05,0.000109172994,0.00012368515,0
1.478743068391867,0.67625,0.24963371515854588,45.65745,0.33438203,1.0528209,0.3341731,29.911264,0.21140572,0.80887735,0.21117249,31.826248,0.21806522,0.7065845,0.21805684,0.45690337,0.17227687,0.005189494,0.8834138,0.006710664,0.036527365,0.07317785,1.9150858,39.0625,0.20604166666666668,0,0.0,0.004608659,7.4535215e-05,8.119271e-05,9.389483e-05,0.00010835665,0.00012509227,0
1.52027027027027,0.6577777777777779,0.21123646501244744,58.24096,0.44040588,1.6116946,0.4402307,29.798822,0.21712789,0.80021507,0.21711679,40.160835,0.2828268,0.92148966,0.2826591,0.42220846,0.3008516,0.0058173183,0.7912634,0.00938783,0.06380761,0.1353447,2.5715628,39.0625,0.21695833333333334,58,0.09595014,0.00464683,0.00013278343,0.00016338157,0.00017453585,0.00020777265,0.0002596498,1
1.3961605584642234,0.71625,0.21184608479800968,46.372158,0.34082797,1.019301,0.34072414,26.183268,0.19097947,0.57165295,0.19090307,29.506927,0.21192749,0.73585117,0.21174948,0.461727,0.19891773,0.005207007,0.88241976,0.006279941,0.037836265,0.07338597,1.9193736,39.0625,0.20920833333333333,0,0.0,0.0046167914,7.402442e-05,8.53772e-05,9.775196e-05,0.000111626614,0.00012432858,0
1.2544802867383513,0.797142857142857,0.18591408326770756,56.601185,0.4210582,1.292275,0.42098433,27.659779,0.21219605,0.67349917,0.21219331,39.28272,0.28679356,0.9264635,0.28656462,0.42840448,0.14925838,0.006302681,0.73313576,0.02067534,0.08173451,0.16432418,2.9463677,39.0625,0.21158333333333335,68,0.13755092,0.00473978,0.00024131253,0.0002449541,0.00025759134,0.00027012592,0.0003339337,1
1.7574692442882252,0.569,0.1758259896683546,58.420315,0.4509755,1.4068389,0.45053267,29.259632,0.21437238,0.63565785,0.21434057,39.930412,0.28175527,0.9117411,0.28119054,0.369667,0.69866735,0.0059709526,0.7710897,0.01215611,0.06274661,0.15370266,2.703495,39.0625,0.21141666666666667,58,0.11498591,0.004665822,0.00016393952,0.00017801113,0.00018242074,0.00019661072,0.00029237574,1
1.4492753623188408,0.69,0.24359037783161203,56.88266,0.44191667,1.5364215,0.44191563,27.99192,0.21255761,0.6421371,0.21224985,41.517567,0.2933448,0.9690563,0.29306915,0.36083958,0.16856664,0.0055979653,0.8269435,0.009403661,0.0512986,0.1120592,2.322207,39.0625,0.20625,41,0.05620625,0.0046709166,0.000121041434,0.00013461283,0.00013309097,0.00015253427,0.00021345125,1
1.6835016835016836,0.594,0.22171147954228923,59.519897,0.44875112,1.4100819,0.4486274,29.576162,0.2239437,0.6719713,0.22393487,40.183304,0.29931405,1.0241277,0.29923975,0.3871877,0.4776219,0.006288447,0.7379891,0.010528146,0.088704266,0.16262072,2.925465,39.0625,0.21529166666666666,62,0.13916315,0.0046959682,0.00021063775,0.0002691347,0.00026944268,0.00028859946,0.0003308161,1
1.6,0.625,0.16119553085775054,44.362625,0.34166396,0.93271357,0.34160018,29.58506,0.21102092,0.61079574,0.21093112,32.866356,0.22927488,0.7382685,0.22914335,0.38273168,0.2806318,0.005266478,0.88408524,0.0059853005,0.036644388,0.073168695,1.9147625,39.0625,0.20954166666666665,1,0.00023779095,0.004676584,7.0354225e-05,8.383414e-05,9.773428e-05,0.00010914327,0.00012198441,0
1.4545454545454546,0.6875,0.16516457867652629,55.192806,0.42331752,1.3687419,0.42234927,28.645973,0.21658082,0.7224996,0.21559975,38.522984,0.28216735,1.0368378,0.28199795,0.3808508,0.35815233,0.0056671794,0.81301,0.0085989265,0.05877245,0.119453765,2.4179854,39.0625,0.21183333333333335,40,0.07819552,0.0046453974,0.00010228656,0.00015323017,0.00020994364,0.00017981595,0.00016895348,1
1.592920353982301,0.6277777777777778,0.19505998373031602,43.58401,0.32466263,1.1644611,0.32444602,28.002684,0.20616382,0.707234,0.20606922,31.12811,0.21893957,0.7432534,0.2180085,0.46161473,0.35287285,0.005186427,0.8853659,0.0060822857,0.036722224,0.07175357,1.899908,39.0625,0.20929166666666665,0,0.0,0.004612776,7.225735e-05,8.451611e-05,9.3829265e-05,0.00010593183,0.00011907357,0
1.4388489208633093,0.6950000000000001,0.19924290971055136,45.351387,0.3290693,0.9927925,0.32815877,28.539774,0.21242553,0.6591287,0.2123078,32.518097,0.2293004,0.8181624,0.22906682,0.4535028,0.26021314,0.0051825484,0.88249344,0.0065683657,0.036832314,0.07398036,1.9197309,39.0625,0.20858333333333334,0,0.0,0.004597023,7.363634e-05,8.3016384e-05,9.3359435e-05,0.00010785962,0.0001211169,0
1.6423357664233578,0.6088888888888888,0.20061376535213618,55.212322,0.42372456,1.4324377,0.42371187,30.468527,0.22870554,0.81645226,0.22862469,40.862087,0.2960013,0.82136136,0.29578814,0.4136488,0.2643313,0.005807335,0.8015547,0.009628603,0.05488034,0.13379471,2.4958518,39.0625,0.21325,57,0.1123321,0.0046997527,0.0001420556,0.00014927203,0.00014735496,0.00016941098,0.00019973675,1
1.7574692442882252,0.569,0.10703261659756462,43.47068,0.33300668,1.0241485,0.33129096,27.376856,0.19873054,0.6763358,0.1987128,31.479004,0.22504161,0.67206067,0.22456174,0.40738904,0.5840542,0.005171653,0.88337094,0.0060924958,0.036760297,0.0736317,1.9151515,39.0625,0.21033333333333334,0,0.0,0.004589449,7.155611e-05,8.368148e-05,9.678076e-05,0.00010642084,0.000116383206,0
1.1152416356877322,0.8966666666666668,0.10173927160442453,57.246452,0.44845062,1.376819,0.4482476,29.318844,0.21453282,0.8085474,0.21446341,39.0358,0.28148732,0.9104674,0.28147393,0.36224467,0.18753406,0.0059480667,0.77027875,0.011198667,0.06928751,0.1490247,2.715136,39.0625,0.21670833333333334,63,0.0990588,0.004637509,0.00016085392,0.00018483735,0.00018973673,0.00022724642,0.0002510974,1
1.4035087719298245,0.7125,0.24887558424462802,45.198227,0.3412367,1.3691422,0.3410937,28.25026,0.19923241,0.61663324,0.19922721,29.641317,0.217302,0.6704328,0.21691936,0.43011755,0.5023864,0.005195427,0.88469374,0.0061566625,0.03639629,0.07264942,1.90305,39.0625,0.20566666666666666,1,0.00023340802,0.004617671,7.2416085e-05,8.459916e-05,9.313724e-05,0.00010448608,0.00012000428,0
1.4571948998178506,0.68625,0.21353468194390177,53.495667,0.41033384,1.4214032,0.41000548,28.057045,0.20771469,0.6002194,0.20767136,38.498497,0.29015177,0.79391056,0.28967398,0.43821383,0.4458301,0.0062172767,0.74759895,0.012269249,0.0703834,0.16957176,2.854591,39.0625,0.211625,65,0.12286856,0.0047131856,0.00018706777,0.00020664523,0.00022190735,0.00023089984,0.00028012297,1
1.4981273408239701,0.6675,0.2696369068991672,43.367085,0.3282023,1.1281416,0.32814273,28.868496,0.20282395,0.7402408,0.20256636,31.010103,0.21725155,0.7253442,0.21714886,0.42808816,0.38790038,0.005231177,0.88534254,0.0059239864,0.036149,0.07245313,1.8990533,39.0625,0.20604166666666668,0,0.0,0.004651537,6.9711095e-05,8.097881e-05,9.214493e-05,0.000108113905,0.00012356749,0
1.5254237288135595,0.6555555555555554,0.25475652801972665,56.380375,0.43412614,1.9009632,0.43403596,27.198975,0.20010017,0.61148655,0.1998264,38.07158,0.2782145,0.96695983,0.27803254,0.37089753,0.46030727,0.0060845227,0.7665986,0.01180226,0.07509219,0.14622395,2.7409468,39.0625,0.21179166666666666,69,0.12898576,0.0047250176,0.00016554179,0.00019294502,0.00022910317,0.0002639016,0.00029468248,1
1.6129032258064517,0.62,0.2151881265957775,54.500072,0.42490894,1.1624568,0.42447576,30.104738,0.21424101,0.7389718,0.21400298,40.10643,0.2934163,0.93554,0.2933701,0.35715306,0.314559,0.005603665,0.82572275,0.009490749,0.054196462,0.110336706,2.335126,39.0625,0.205875,43,0.077989124,0.004669338,0.0001046346,0.00011522074,0.00015863469,0.00018845368,0.00019888589,1
1.6949152542372878,0.5900000000000001,0.11912734300330315,56.53803,0.44248426,1.3998404,0.44226843,27.492853,0.2103882,0.6081536,0.21037379,37.40862,0.2727868,0.90522987,0.27265868,0.33997625,0.31738293,0.0060335104,0.76698875,0.010060002,0.06752172,0.15498064,2.730642,39.0625,0.21220833333333333,63,0.11500136,0.0046773762,0.00014817058,0.00017884628,0.00021164931,0.0002285046,0.00025613143,1
1.6245487364620943,0.6155555555555554,0.1882282881512186,44.81396,0.3384916,1.206092,0.33846986,27.22684,0.20133168,0.8453913,0.20133045,30.276352,0.21236633,0.7534073,0.21234612,0.4414514,0.33824462,0.0052110027,0.88225406,0.0063068965,0.036704686,0.07465621,1.9242406,39.0625,0.20895833333333333,0,0.0,0.004619607,7.449022e-05,8.475846e-05,9.4876195e-05,0.00010650048,0.0001220989,0
1.8018018018018016,0.555,0.07218459554265638,44.780834,0.3264848,1.0451417,0.3263392,29.443632,0.21285313,0.7020982,0.2127948,31.666037,0.21937044,0.74645805,0.21927214,0.49600768,0.31458598,0.0051963776,0.8837957,0.0066905627,0.036843825,0.072574064,1.9133152,39.0625,0.20816666666666667,2,0.0004665188,0.004616629,7.399376e-05,8.3223444e-05,9.64827e-05,0.00010822165,0.00012106259,0
1.5706806282722514,0.6366666666666666,0.17521675673148035,44.373413,0.33016023,1.1888461,0.33015668,28.78248,0.20256366,0.64238137,0.20250066,32.19889,0.22834015,0.847317,0.22773188,0.4510283,0.30186704,0.0052139563,0.88327163,0.0057708155,0.036680795,0.074189454,1.9163394,39.0625,0.20829166666666668,1,0.00023801811,0.0046247183,6.822028e-05,8.217315e-05,9.8199045e-05,0.0001090696,0.00012362457,0
1.3793103448275863,0.725,0.29063872020781734,48.800106,0.36978573,1.1717763,0.36978018,29.64123,0.21117593,0.72145826,0.21087399,32.953667,0.23086263,0.6943102,0.23083882,0.39554924,0.38409406,0.0051881694,0.8826073,0.0065723546,0.037245695,0.07343957,1.9212991,39.0625,0.20595833333333333,1,0.0002323184,0.0046026064,7.373411e-05,8.2839186e-05,9.684759e-05,0.00011038826,0.00012448455,0
1.3793103448275863,0.725,0.27508510896681404,60.51163,0.45287213,1.6904209,0.45237705,31.085335,0.22696821,0.70961577,0.22691387,39.307274,0.2807656,0.9642135,0.28072864,0.38169625,0.37852374,0.005764403,0.7998579,0.010007478,0.063609324,0.1263259,2.5045257,39.0625,0.20904166666666665,73,0.113151945,0.004657528,0.000121376346,0.0001478061,0.00018604743,0.0002188288,0.00024943438,1
1.7123287671232879,0.584,0.13788234105816122,57.828136,0.43739408,1.5852779,0.4368629,29.027147,0.21243997,0.60877776,0.21240732,39.44166,0.29748753,0.9672532,0.2974423,0.37877628,0.3662167,0.006094487,0.7625458,0.011867419,0.083064,0.1423262,2.7772546,39.0625,0.21558333333333332,83,0.13383682,0.00470855,0.00019779635,0.0002495086,0.0002290958,0.00025665978,0.00030185925,1
1.4035087719298245,0.7125,0.2421561061869826,47.221413,0.35802442,1.241459,0.3570529,28.19689,0.20393504,0.59001017,0.20392859,30.515877,0.21373169,0.5707143,0.21372767,0.40686923,0.3037885,0.0052090925,0.8839953,0.005889521,0.03711147,0.07287237,1.9097874,39.0625,0.209625,1,0.00023301558,0.0046247817,7.2269315e-05,8.651097e-05,9.592187e-05,0.00010679666,0.00012241305,0
1.4678899082568806,0.68125,0.21703404746791816,54.65473,0.41668808,1.2629411,0.416449,29.755257,0.21772534,0.6960894,0.21764901,38.992382,0.28356534,0.85785353,0.2835007,0.39671612,0.19645536,0.0059098466,0.78336513,0.012959504,0.066649295,0.13686983,2.6346936,39.0625,0.206375,53,0.111158416,0.004695117,0.00014469768,0.00018236595,0.00020465495,0.00021148214,0.00027278202,1
1.5490533562822717,0.6455555555555557,0.2074563709456928,43.601295,0.3288188,1.0832835,0.32873663,28.029713,0.20579861,0.61829567,0.20577256,29.580166,0.21345703,0.834181,0.21338522,0.40924793,0.39222234,0.0052093235,0.8835675,0.0063273534,0.036999907,0.073015206,1.9141326,39.0625,0.20579166666666668,0,0.0,0.0046250382,7.304682e-05,8.520347e-05,9.7826975e-05,0.000107531596,0.000119574994,0
1.5202702702702702,0.6577777777777778,0.21184344821982434,49.58314,0.3716344,1.1599452,0.37162703,28.38063,0.20994063,0.7507645,0.20978054,30.134182,0.21794549,0.6404099,0.21774405,0.40133113,0.23666091,0.0052316673,0.8827673,0.006442366,0.0369518,0.07373694,1.9170253,39.0625,0.20708333333333334,1,0.00023288238,0.004641262,7.3606745e-05,8.501061e-05,9.784508e-05,0.00010829942,0.00012627654,0
1.5384615384615383,0.65,0.239548113527499,45.22594,0.32769972,1.0984827,0.32768613,29.173445,0.21668682,0.79329073,0.21657035,28.595186,0.21724665,0.7229079,0.21704827,0.4777954,0.36505964,0.0052084927,0.8829734,0.0060633654,0.037492763,0.07334944,1.9211876,39.0625,0.20620833333333333,0,0.0,0.0046198536,7.4415475e-05,8.665387e-05,9.3816605e-05,0.00010861726,0.0001232809,0
1.7013232514177694,0.5877777777777777,0.14093004538769904,46.325035,0.3401847,0.9921087,0.3401194,25.870947,0.19827259,0.62879586,0.19764562,31.09938,0.22259137,0.6421435,0.22257785,0.4520544,0.5054951,0.005208891,0.8834974,0.00649578,0.03632407,0.07352119,1.91438,39.0625,0.20795833333333333,0,0.0,0.004625165,7.441837e-05,8.104704e-05,9.092501e-05,0.00010815194,0.00012300284,0
1.465201465201465,0.6825,0.20885545906656366,57.31954,0.43228927,1.4473175,0.43059355,28.79616,0.21163146,0.63767,0.21161982,42.369133,0.3071074,1.0783074,0.30668887,0.4415185,0.18352598,0.006072555,0.7538647,0.012528906,0.07873418,0.15456598,2.8235755,39.0625,0.21329166666666666,73,0.12540384,0.0046431716,0.00017078225,0.00021470596,0.00023919443,0.00026335396,0.00029385497,1
1.6423357664233575,0.6088888888888889,0.2341177544027321,44.615604,0.32655513,1.1028523,0.32580432,28.447609,0.20754457,0.6409091,0.20753857,31.22845,0.22803551,0.73841053,0.22791971,0.44818494,0.5569427,0.005174985,0.88245773,0.0065448806,0.03752801,0.07331963,1.920104,39.0625,0.204375,0,0.0,0.004590025,7.463538e-05,8.5796826e-05,9.5838644e-05,0.00010840049,0.00012015285,0
1.4414414414414416,0.69375,0.20549231309093802,56.647118,0.43241984,1.5008616,0.4324169,28.129599,0.20874473,0.6980663,0.20870283,39.55616,0.28397492,0.9674411,0.2839674,0.40680286,0.21791884,0.006387265,0.7219111,0.012453293,0.0954887,0.16966628,3.02695,39.0625,0.21308333333333335,78,0.14400108,0.004679613,0.00018433397,0.00024907372,0.00029806833,0.00036074177,0.0003830554,1
1.5533980582524272,0.64375,0.15783194832686828,41.620895,0.32677737,1.2195178,0.32664293,27.88157,0.20170169,0.81297225,0.20168123,30.4902,0.2191204,0.750654,0.21810742,0.38533542,0.27863505,0.005178407,0.8819599,0.0063655227,0.037342,0.07420881,1.925764,39.0625,0.206375,0,0.0,0.004589563,7.541688e-05,8.483364e-05,9.477803e-05,0.00010852894,0.0001249149,0
1.40597539543058,0.7112499999999999,0.28463948909676823,58.13888,0.43414572,1.3944132,0.4340739,30.000301,0.22252472,0.8166135,0.22225308,39.819023,0.29921594,0.92826253,0.2992157,0.3960518,0.2687758,0.006040073,0.7691991,0.011388177,0.078016065,0.14122829,2.730404,39.0625,0.21658333333333332,73,0.12453058,0.0047037234,0.00018330694,0.00020786506,0.00022309562,0.0002633014,0.00026396988,1
1.4035087719298245,0.7125,0.2611384466694901,48.529873,0.356052,1.2732961,0.35550076,28.420654,0.20487402,0.6476142,0.20435344,30.600765,0.22096968,0.83970386,0.22096406,0.50011706,0.36436778,0.0052277334,0.88306546,0.0066354144,0.03614676,0.07406529,1.9170357,39.0625,0.20533333333333334,0,0.0,0.004640337,7.222617e-05,8.17903e-05,9.529982e-05,0.000107166234,0.00012494641,0
1.3675213675213675,0.73125,0.23050316731028894,44.051983,0.32864633,1.1925199,0.3286133,27.078836,0.20301965,0.6993887,0.20297989,31.428493,0.21855673,0.6231036,0.2180905,0.41553223,0.23440768,0.005236904,0.883161,0.006359193,0.036191322,0.07423103,1.9149175,39.0625,0.21308333333333335,0,0.0,0.0046475166,7.076424e-05,8.166216e-05,9.549485e-05,0.00010785917,0.0001266058,0
1.5845070422535212,0.6311111111111111,0.1811926778369978,59.082577,0.44635588,1.2973763,0.4462649,30.153896,0.21997017,0.6576673,0.2199697,38.572037,0.27855435,1.0025977,0.2771938,0.31945956,0.2952527,0.005997283,0.7704256,0.011421687,0.07806124,0.13995409,2.7248285,39.0625,0.21008333333333334,90,0.13491337,0.0046780007,0.00018142973,0.00020018549,0.00022063794,0.0002679139,0.000259881,1
1.7825311942959003,0.5609999999999999,0.08147161980996355,58.480812,0.44610506,1.4955205,0.44610226,29.781631,0.2172603,0.73135215,0.21725865,39.528835,0.28768286,0.96002936,0.2876728,0.36562485,0.26582444,0.0060291584,0.76732993,0.012878802,0.068658516,0.15088485,2.725888,39.0625,0.21254166666666666,58,0.11960535,0.004692973,0.00016520655,0.00019518958,0.00019716707,0.0002187205,0.00027972367,1
1.5358361774744027,0.6511111111111111,0.18704503780845186,47.35888,0.3434963,1.5244362,0.34308127,28.209366,0.20901047,0.64693695,0.20897944,31.016785,0.21518777,0.76917124,0.21514474,0.48776704,0.28225964,0.005201521,0.88167274,0.0065137297,0.03650405,0.07516127,1.9307917,39.0625,0.20670833333333333,1,0.00023794558,0.0046092803,7.328675e-05,8.406785e-05,9.346837e-05,0.00010579957,0.00012273491,0
1.5463917525773194,0.6466666666666667,0.1532584383240293,54.362423,0.437199,1.2356795,0.43701592,26.875025,0.20313865,0.750984,0.20152397,39.14201,0.28129897,0.81280166,0.2807181,0.34228295,0.20643711,0.0058316328,0.7880473,0.011832437,0.0662604,0.13359597,2.599084,39.0625,0.21404166666666666,67,0.11282343,0.0046537593,0.00015333634,0.00015708475,0.00017020697,0.00022928292,0.00026310777,1
1.6863406408094432,0.5930000000000001,0.23789359490593812,44.6851,0.33737767,1.1421608,0.33737665,28.433607,0.20109342,0.7099477,0.20105661,32.935635,0.23038873,0.6905974,0.22954287,0.44415703,0.39059505,0.005204088,0.8836628,0.0062230616,0.03688852,0.07312309,1.9142803,39.0625,0.20733333333333334,2,0.0004940347,0.004620355,7.0393784e-05,8.2287595e-05,9.957659e-05,0.00010967412,0.000118483425,0
1.7211703958691909,0.5810000000000001,0.11684959573404258,58.15275,0.45063663,1.3791386,0.44987312,30.233004,0.22014384,0.7030996,0.2201352,40.780186,0.2876338,0.9253536,0.28744835,0.39246237,0.3160376,0.0057650846,0.8023551,0.010445751,0.06777412,0.11898812,2.4984806,39.0625,0.20883333333333334,63,0.10062314,0.0046749213,0.0001292349,0.00016303954,0.00020187751,0.00022764475,0.00024487913,1
1.4336917562724014,0.6975,0.21286218721776415,57.602276,0.4388611,1.3099331,0.4388298,29.962639,0.22270468,0.76047224,0.22267352,42.617878,0.296624,0.94580317,0.29657125,0.4022768,0.28224012,0.006303279,0.7428921,0.014132839,0.0852734,0.15754402,2.9007852,39.0625,0.21720833333333334,79,0.18311901,0.0047603906,0.00024362428,0.0002660861,0.00023683348,0.00027134377,0.0003344008,1
1.8348623853211008,0.545,0.07838535402336534,48.41111,0.36347458,1.4078282,0.36344248,28.549265,0.21119164,0.69743496,0.21118698,31.104237,0.22124514,0.70815295,0.22072254,0.433931,0.6827228,0.005216035,0.8831148,0.006023456,0.036604833,0.074145086,1.9187391,39.0625,0.204625,0,0.0,0.0046270546,6.955694e-05,8.1148835e-05,9.671258e-05,0.00010977395,0.00012699337,0
1.5254237288135593,0.6555555555555556,0.18586969294443184,56.02339,0.42314008,1.4460932,0.42310894,29.254845,0.21784103,0.71741194,0.21783605,38.9761,0.28386608,0.8878035,0.28375295,0.4192404,0.27936828,0.005877607,0.79657483,0.011024317,0.06272305,0.12944928,2.5244782,39.0625,0.213625,60,0.08805278,0.0047355196,0.00015254375,0.00017917898,0.00018789242,0.00018944844,0.00020007028,1
1.5817223198594024,0.6322222222222222,0.1875640444069766,46.521877,0.33517373,1.0511001,0.3351724,26.245043,0.19055294,0.57910526,0.19017567,31.694502,0.22979173,0.8406746,0.22900672,0.46034184,0.3134114,0.0052027516,0.88329685,0.0062153726,0.035397284,0.07494193,1.9194833,39.0625,0.20925,2,0.00047540956,0.0046172347,7.088386e-05,7.816401e-05,9.057766e-05,0.00010599058,0.00012373413,0
1.2477718360071302,0.8014285714285714,0.20915707609069786,57.473164,0.4338323,1.3054335,0.43344843,27.377747,0.20461789,0.71958023,0.20390913,40.315025,0.28889516,0.90112126,0.28877565,0.436074,0.19397193,0.0057359454,0.8016846,0.010708908,0.065368526,0.12204621,2.5202549,39.0625,0.21575,54,0.101273425,0.0046490207,0.00013301712,0.00014526307,0.0001835464,0.0002296503,0.00022787965,1
1.5655577299412917,0.6387499999999999,0.17228916314113998,44.914482,0.33198908,1.1849239,0.33189645,27.649857,0.20913641,0.8120801,0.20903416,28.405739,0.21321543,0.74976236,0.21319592,0.41652593,0.25865775,0.005173137,0.8826805,0.006139293,0.037534203,0.073528655,1.9214995,39.0625,0.20408333333333334,1,0.0002726478,0.0045874473,7.3223775e-05,8.616771e-05,9.361839e-05,0.00010799231,0.00012513007,0
1.5384615384615383,0.65,0.14267105158191773,59.797047,0.43360147,1.4685562,0.43359783,29.433788,0.21866399,0.69951,0.21861292,37.86195,0.27186406,0.912745,0.27017897,0.47215387,0.1745664,0.006197644,0.7568223,0.014791321,0.082421094,0.14581175,2.7939024,39.0625,0.21141666666666667,63,0.105294906,0.004770788,0.00018242956,0.00022938091,0.00028907578,0.0002813698,0.0002858016,1
1.5358361774744027,0.6511111111111111,0.26268779671494996,45.04892,0.3309316,1.0702499,0.3308631,27.618122,0.20204829,0.5851291,0.20197746,33.440765,0.23180236,0.84212196,0.23179993,0.43217885,0.36327952,0.005153744,0.88135165,0.0065274653,0.03735575,0.07464146,1.9251447,39.0625,0.20870833333333333,0,0.0,0.0045654643,7.495924e-05,8.5936335e-05,9.5389e-05,0.00010657629,0.000119933895,0
1.5490533562822717,0.6455555555555557,0.2807460497750811,58.01511,0.4479728,1.3603733,0.44773856,29.890305,0.22664295,0.8379556,0.22584336,40.705254,0.29100862,0.9772514,0.29099378,0.44191936,0.50417787,0.0058057886,0.802402,0.009900633,0.06750246,0.12004198,2.5036488,39.0625,0.214125,57,0.08026911,0.0047049723,0.00013653049,0.00017847482,0.00020195085,0.00021339151,0.0002255911,1
1.541095890410959,0.6488888888888888,0.2420871939825045,44.93361,0.32559827,1.0404925,0.32559812,26.565248,0.20019916,0.6930572,0.20019864,33.275143,0.2244308,0.6917312,0.22421706,0.42962807,0.36221373,0.0051946687,0.8827116,0.0063253753,0.036539212,0.07433279,1.9200559,39.0625,0.21133333333333335,1,0.00025178338,0.0046076216,7.1772905e-05,8.309661e-05,9.5742034e-05,0.000106703344,0.00012277348,0
1.7391304347826089,0.575,0.21808584323301936,57.13507,0.44413435,1.4044532,0.44412062,27.752459,0.2027626,0.6618202,0.20276248,39.097603,0.27670667,1.134622,0.27668935,0.38024727,0.51150954,0.006165246,0.75653183,0.012054952,0.075414956,0.15561014,2.8139453,39.0625,0.211625,72,0.13261063,0.004727335,0.00015835016,0.00020893574,0.00024579072,0.00025596144,0.0002832464,1
1.4209591474245113,0.7037500000000001,0.24845842134890458,46.138893,0.3389025,1.1934265,0.33847308,28.53294,0.20198819,0.7023524,0.20148693,29.944944,0.22668275,0.78492016,0.22656748,0.41656372,0.22148891,0.005179073,0.8827047,0.0062297117,0.037578203,0.07337243,1.919138,39.0625,0.20891666666666667,1,0.00023269253,0.0045932904,7.391395e-05,8.619501e-05,9.687721e-05,0.00010841564,0.00011978024,0
1.5332197614991478,0.6522222222222224,0.23979933335570766,57.015488,0.43328217,1.3773154,0.43299234,29.348421,0.21182947,0.7527592,0.21181418,40.102997,0.28669372,0.89572054,0.28665194,0.36195463,0.39689913,0.0058460757,0.79215807,0.011895363,0.065112896,0.13062848,2.5830367,39.0625,0.20979166666666665,69,0.10612499,0.004689544,0.00016427986,0.00019296171,0.00018574671,0.00018765694,0.00021933456,1
1.4234875444839858,0.7025,0.16566208749673014,56.3318,0.43725392,1.5135764,0.43663675,30.866148,0.22787303,0.770596,0.22755831,39.498505,0.27103403,0.85160744,0.27078626,0.36903518,0.17691454,0.0055569103,0.82893187,0.008222456,0.053218912,0.10943129,2.3025455,39.0625,0.21395833333333333,36,0.053581025,0.0046412037,0.00011067704,0.0001385706,0.00015235666,0.00015714015,0.00017260609,1
1.3779527559055118,0.7257142857142858,0.2589312307217126,44.02303,0.32617322,1.0463794,0.32617313,25.91208,0.1925589,0.5763898,0.19238639,30.872253,0.22412437,0.746334,0.22412431,0.4368506,0.28712925,0.005220053,0.88141537,0.006235811,0.037202165,0.0750359,1.928134,39.0625,0.20741666666666667,0,0.0,0.0046228846,7.358208e-05,8.41795e-05,9.6673284e-05,0.000110008164,0.00012298304,0
1.4035087719298247,0.7124999999999999,0.24134127786212442,44.248543,0.3329865,1.1160039,0.33296257,29.201622,0.21123634,0.74086124,0.21087788,30.601244,0.21714282,0.68766105,0.2169979,0.38045025,0.3043872,0.005254135,0.88386136,0.0062589347,0.03658842,0.07317592,1.9095895,39.0625,0.202875,0,0.0,0.00466591,7.4311596e-05,8.548644e-05,9.5107374e-05,0.00010674471,0.00012541356,0
1.4814814814814814,0.675,0.2292709231299442,57.27504,0.43620774,1.3410032,0.43554223,26.642826,0.20256458,0.65827733,0.20248361,41.297527,0.29363227,0.88762486,0.2935904,0.39623994,0.1945255,0.006026901,0.76462924,0.011676955,0.06491132,0.1585659,2.754725,39.0625,0.209875,80,0.13596126,0.00466781,0.00015152809,0.0001784979,0.00019415043,0.00021267768,0.0002690435,1
1.6333938294010886,0.6122222222222223,0.23199275383350912,46.142487,0.3468743,1.213478,0.34687176,29.994738,0.21442515,0.64273393,0.21440883,31.653435,0.22204593,0.75548005,0.22204165,0.41827875,0.42330998,0.005195693,0.88349766,0.005941746,0.03710576,0.07334032,1.9134301,39.0625,0.20954166666666665,1,0.00024287519,0.0046106083,7.217522e-05,8.403967e-05,9.457145e-05,0.00010874105,0.00012313268,0
1.6574585635359114,0.6033333333333334,0.08415218762028316,47.755688,0.35035178,1.2611382,0.3495436,27.827896,0.20588179,0.59886664,0.20566767,31.454086,0.22076757,0.70719045,0.22072996,0.43722153,0.2854194,0.005183491,0.88502496,0.006340719,0.035788182,0.07272319,1.9060631,39.0625,0.209,0,0.0,0.004609744,6.9868795e-05,7.9120604e-05,9.33857e-05,0.00010637831,0.00011986816,0
1.6363636363636362,0.6111111111111112,0.22389489493789652,47.314285,0.3424109,0.97895455,0.3421023,27.493538,0.20271657,0.70836824,0.20263804,32.71466,0.23371121,0.7334728,0.23361568,0.46458864,0.29716295,0.005182216,0.8825784,0.0066857375,0.03609449,0.07454641,1.9185839,39.0625,0.20854166666666665,0,0.0,0.004597772,7.310807e-05,8.36952e-05,9.409867e-05,0.0001033454,0.00011994555,0
1.3864818024263432,0.72125,0.20569959571359825,56.369995,0.42518577,1.3574889,0.42517442,28.983458,0.21642642,0.598763,0.21642551,41.325356,0.2955179,0.9460593,0.29546884,0.3868923,0.14655747,0.005694633,0.8066381,0.01849969,0.05402889,0.120608814,2.4689307,39.0625,0.20783333333333334,39,0.075294726,0.0046878513,0.00018171035,0.00013685388,0.00013954614,0.00017079689,0.00023863521,1
1.5761821366024518,0.6344444444444445,0.23106721180413348,54.785465,0.4368214,1.2842078,0.43641052,28.366224,0.2083523,0.63722837,0.208155,41.023907,0.28326377,0.9209517,0.28325143,0.3475198,0.18273307,0.005989323,0.7737338,0.014520758,0.074317336,0.13728994,2.6896389,39.0625,0.213875,83,0.12465985,0.004710001,0.00017007462,0.00018955176,0.00023756106,0.00025550814,0.0002653414,1
1.5679442508710801,0.6377777777777778,0.22743032987398049,45.93354,0.3346957,1.0642346,0.3346891,28.541845,0.20271389,0.6810133,0.20256202,30.386692,0.21174544,0.71481967,0.21171334,0.4595614,0.4228766,0.0051771645,0.88345194,0.006153179,0.03672405,0.073556505,1.9111147,39.0625,0.20470833333333333,0,0.0,0.004595058,7.397828e-05,8.550682e-05,9.5115734e-05,0.0001046105,0.000116846,0
1.5544041450777206,0.6433333333333332,0.22833227144074913,58.67436,0.4529392,1.505566,0.45281547,29.734781,0.21857934,0.61903554,0.2185511,40.736732,0.29194117,0.9407442,0.29129228,0.39772183,0.22599526,0.0060619423,0.7732669,0.010886865,0.06526341,0.15044314,2.6926937,39.0625,0.21058333333333334,91,0.12743299,0.0047422326,0.00015417815,0.00019758333,0.00020291095,0.00019800058,0.00023719769,1
1.5228426395939085,0.6566666666666667,0.23028012283256163,52.210846,0.39075142,1.2011349,0.39066368,29.078909,0.21668196,0.7396551,0.21642196,40.392773,0.28209916,0.8682367,0.28201002,0.44584578,0.2869099,0.0058963136,0.77899396,0.00956866,0.07169604,0.1394689,2.6592393,39.0625,0.20779166666666668,68,0.12188928,0.0046388367,0.00013073806,0.00018336446,0.00021769738,0.00023933245,0.00026784104,1
1.7513134851138354,0.571,0.11628774087786112,56.13553,0.43013006,1.3839853,0.4300539,29.541092,0.21760508,0.6850302,0.21758841,40.222275,0.2975658,0.9006525,0.29755688,0.41137794,0.32134697,0.006269526,0.74265873,0.014184063,0.07647457,0.16639322,2.9018407,39.0625,0.21408333333333332,90,0.15347569,0.0047338237,0.00017627842,0.00021482803,0.0002675145,0.00026457323,0.00029722194,1
1.5789473684210527,0.6333333333333333,0.1983309829886347,47.604786,0.33878604,1.0879294,0.3387683,27.683756,0.19712426,0.69521755,0.19710767,30.6661,0.21930006,0.7579872,0.21923782,0.48178047,0.2742957,0.0052183024,0.8818683,0.0069426377,0.036888026,0.074201144,1.9244839,39.0625,0.20520833333333333,1,0.00023875629,0.004627362,7.789837e-05,8.5549465e-05,9.558187e-05,0.00010693403,0.00012299462,0
1.5228426395939085,0.6566666666666667,0.22927085520168672,55.73684,0.40760767,1.4882288,0.4075179,29.14944,0.21137522,0.7011775,0.2113608,41.886402,0.2949792,0.86486685,0.29407522,0.413353,0.28391013,0.0060431,0.77288866,0.01448026,0.07697305,0.13543452,2.7046618,39.0625,0.20929166666666665,78,0.1356542,0.0047468655,0.00019516595,0.00019974442,0.00021113861,0.00026535624,0.0003035096,1
1.633393829401089,0.6122222222222222,0.19986787184152227,49.059875,0.35607997,1.1166512,0.3560172,28.634985,0.20450284,0.63747007,0.20446123,31.439753,0.22014153,0.837392,0.22008967,0.47842446,0.3032346,0.005196863,0.8839461,0.0062892716,0.03626953,0.073384404,1.9109385,39.0625,0.20466666666666666,0,0.0,0.0046157627,7.3336225e-05,8.493503e-05,9.412314e-05,0.00010354379,0.00011898113,0
1.4814814814814814,0.675,0.2115978762294492,44.031036,0.3245403,1.0715309,0.32440788,27.792284,0.20196809,0.62654245,0.20194721,32.58271,0.22919117,0.65447706,0.22878693,0.45653945,0.22225828,0.0052705323,0.8828292,0.005895541,0.0369925,0.07416588,1.9199595,39.0625,0.209125,1,0.00024363057,0.004673116,7.328131e-05,8.4737854e-05,9.3575945e-05,0.00011022266,0.00012670929,0
1.6042780748663104,0.6233333333333333,0.17992089381154416,57.363564,0.45584652,1.3374453,0.45448864,29.095741,0.2165968,0.6820211,0.21636555,40.54355,0.2959035,0.9792895,0.29590103,0.3438954,0.33466423,0.005761518,0.8038323,0.009408602,0.06415925,0.122415945,2.480685,39.0625,0.21329166666666666,51,0.09441372,0.0046745595,0.00012568422,0.00016164858,0.0001842055,0.00020797137,0.00024624413,1
1.4678899082568806,0.68125,0.19957871337388855,58.161552,0.45801744,1.5360276,0.45644167,28.35145,0.21187499,0.6639114,0.21163002,37.986618,0.2870656,1.0085738,0.28655759,0.37675753,0.17508687,0.0055996184,0.82963276,0.009999935,0.052303687,0.10789931,2.322166,39.0625,0.20795833333333333,40,0.06240007,0.004690605,0.00012213149,0.0001377621,0.00014560616,0.00015509709,0.00017852617,1
1.3445378151260503,0.74375,0.19782733180558584,55.600433,0.42577288,1.4250722,0.42575583,29.141956,0.2164653,0.73700047,0.21641654,39.734287,0.2886057,0.8470776,0.28847513,0.40802416,0.24495228,0.0057542245,0.80094916,0.0115530845,0.058683556,0.12860985,2.4973083,39.0625,0.20925,47,0.09713461,0.004664425,0.00014057363,0.00015823622,0.00017718469,0.0001794135,0.00023520623,1
1.509433962264151,0.6625,0.17679557129550047,57.527122,0.43488595,1.3146815,0.4340026,29.682453,0.22070692,0.7050972,0.22054327,38.883976,0.27836895,0.92987114,0.27832058,0.4406713,0.4267245,0.0064994395,0.71479964,0.017077198,0.09263158,0.17530565,3.082177,39.0625,0.21629166666666666,69,0.15951666,0.0047455113,0.00026034916,0.0002889057,0.0002989064,0.00031305695,0.00034216535,1
1.4842300556586272,0.67375,0.2148211479714418,44.338013,0.32517448,1.0151579,0.32517436,29.603828,0.20616518,0.7026716,0.20591728,30.793541,0.21904822,0.74809575,0.21904653,0.48424995,0.278104,0.0051793093,0.8826203,0.005897606,0.03708859,0.074266285,1.9227998,39.0625,0.20791666666666667,0,0.0,0.004591352,7.1654664e-05,8.394618e-05,9.399827e-05,0.00010813774,0.00012167114,0
1.492537313432836,0.6699999999999999,0.24750930901892074,45.209156,0.3303017,1.1756315,0.33026135,27.74411,0.19969597,0.64911956,0.1992411,33.100582,0.2298305,0.74746585,0.22967121,0.45819294,0.30796185,0.005235965,0.882099,0.0064085093,0.03691273,0.07444917,1.9306842,39.0625,0.20683333333333334,2,0.0004997228,0.0046414062,7.281989e-05,8.428181e-05,9.5507865e-05,0.000108982465,0.00012748103,0
1.4285714285714286,0.7,0.13832083181711016,58.609516,0.44600013,1.4265374,0.44599998,27.811302,0.2089779,0.61557573,0.20893891,39.383507,0.28556833,0.88284445,0.28551173,0.40451193,0.19253968,0.0058818394,0.77976763,0.009732562,0.072276436,0.13796341,2.647621,39.0625,0.20945833333333333,64,0.11016948,0.004632965,0.00015338715,0.00020492775,0.00020319654,0.00022014539,0.00025295903,1
1.8281535648994514,0.547,0.11476669710276247,57.89003,0.4457392,1.4567062,0.44560724,29.939209,0.21743767,0.6527678,0.2174037,38.207016,0.28263763,0.9819288,0.28263718,0.43524048,0.59595835,0.0056832866,0.8073142,0.010898594,0.059295997,0.12227446,2.46036,39.0625,0.213625,37,0.07133339,0.0046393597,0.000138172,0.00014940166,0.00016258121,0.00018756572,0.00022627915,1
1.5306122448979589,0.6533333333333334,0.23055353785264998,47.66364,0.35299614,1.195072,0.3528571,27.893736,0.20667355,0.65310025,0.20651145,29.302301,0.21054946,0.723899,0.21053192,0.46561477,0.3304676,0.005184349,0.8827551,0.0061592986,0.036679413,0.07428025,1.9233624,39.0625,0.20441666666666666,3,0.0007049034,0.004597856,7.2346615e-05,8.046734e-05,9.0321635e-05,0.00010968228,0.00012469875,0
1.4732965009208103,0.67875,0.16659288130846694,54.75533,0.44413882,1.4077759,0.44376084,29.395464,0.21408936,0.73816645,0.21408726,36.348217,0.27259874,0.77036107,0.2720434,0.31856954,0.2971142,0.006254267,0.7519724,0.014070887,0.077768885,0.15584908,2.836207,39.0625,0.20875,70,0.14940427,0.004779598,0.00019096705,0.0002219158,0.000219896,0.00026441194,0.00034805774,1
1.6100178890876566,0.6211111111111111,0.13838339387800414,45.119106,0.3506263,1.0445772,0.35056505,29.157846,0.20464498,0.642179,0.20464465,30.681244,0.21635443,0.64028084,0.21634994,0.4104889,0.268272,0.0051908894,0.8832475,0.006237016,0.03619206,0.074227445,1.9157627,39.0625,0.20483333333333334,0,0.0,0.0046065897,7.085123e-05,8.170073e-05,9.384667e-05,0.00010615929,0.00012361359,0
1.4414414414414416,0.69375,0.20179375497470198,42.543465,0.32930067,1.0744925,0.329298,29.442535,0.21396753,0.7280432,0.21380079,32.266914,0.21889687,0.7460432,0.21885273,0.39722565,0.296974,0.005201346,0.8829615,0.0058803177,0.036573686,0.07444952,1.9166782,39.0625,0.20966666666666667,2,0.000471851,0.00461252,6.9286136e-05,8.3618055e-05,9.4541036e-05,0.00010660515,0.00012549164,0
1.3605442176870748,0.735,0.21274143616830546,56.99488,0.43720725,1.596386,0.43719512,31.478264,0.22709492,0.6923204,0.22698613,38.454597,0.27500188,0.92283326,0.27493924,0.3721672,0.22127031,0.0055304905,0.82873523,0.0084113525,0.05212759,0.110569425,2.3257804,39.0625,0.21533333333333332,46,0.07537184,0.004619146,0.00010663774,0.00013089435,0.00014928132,0.00015737579,0.0001940277,1
1.7391304347826089,0.575,0.1933878602282702,46.692284,0.34604907,1.313623,0.34570253,29.550493,0.2081343,0.7301773,0.2080888,29.645168,0.21588616,0.8185479,0.2158572,0.44962755,0.22340201,0.0052151666,0.88339466,0.0060556354,0.036523484,0.073919155,1.9160383,39.0625,0.20791666666666667,0,0.0,0.0046279063,6.9866786e-05,8.36764e-05,9.7535805e-05,0.000106790416,0.00012052218,0
1.6891891891891893,0.592,0.12316030963282033,57.68988,0.44413546,1.4342948,0.44395602,29.201004,0.22235799,0.72257173,0.2216072,39.393345,0.2876773,0.96227336,0.28762388,0.40137753,0.35659945,0.005466834,0.843186,0.009902516,0.0488831,0.097846225,2.2167692,39.0625,0.212875,46,0.07382436,0.0046528527,0.00010751808,0.00010733374,0.00013383753,0.0001598835,0.00017525084,1
1.574803149606299,0.635,0.2360891986531614,57.783028,0.43474254,1.382221,0.4347385,29.778637,0.21656117,0.6824205,0.21644881,39.574055,0.29363304,0.9368523,0.29348356,0.42529497,0.26536974,0.005646035,0.81965876,0.007682654,0.056889955,0.115642525,2.379622,39.0625,0.209875,40,0.07751031,0.0046603223,0.00010693023,0.0001535728,0.00016786417,0.00016760403,0.00019028175,1
1.4598540145985401,0.685,0.23471437892115538,62.021023,0.46447548,1.6574395,0.46409652,29.675024,0.21835308,0.6889639,0.21816584,39.58449,0.28546175,0.88459957,0.28543228,0.4188435,0.32523945,0.0058007515,0.79245144,0.011706805,0.06034142,0.13536277,2.5695832,39.0625,0.21295833333333333,51,0.106131785,0.0046538766,0.00013375112,0.00015090253,0.00018846015,0.00019909187,0.00024020343,1
1.565217391304348,0.6388888888888888,0.27314868772133,46.100746,0.35324803,1.2075856,0.3532446,27.032078,0.19780032,0.6259912,0.19775645,31.727924,0.22232345,0.74499,0.2222861,0.43969736,0.48582184,0.005227737,0.8837963,0.006266455,0.0361942,0.07362882,1.9089954,39.0625,0.20516666666666666,0,0.0,0.004642222,7.175343e-05,8.250734e-05,9.6827265e-05,0.00010669736,0.00011841677,0
1.559454191033138,0.6412500000000001,0.1988590706267457,46.656647,0.3416155,1.2313893,0.34129912,26.295675,0.19664915,0.67250943,0.19661343,30.780943,0.229565,0.94110733,0.22951405,0.45758134,0.32759768,0.0052429847,0.8821861,0.0062771505,0.03721084,0.0742361,1.9249719,39.0625,0.21079166666666665,1,0.00024353625,0.0046473835,7.414463e-05,8.430961e-05,9.395895e-05,0.00011077656,0.0001285651,0
1.6187050359712232,0.6177777777777778,0.1819838145454557,44.680447,0.33920538,0.9964061,0.33916515,28.975517,0.21114062,0.6137432,0.21099062,31.116758,0.2186114,0.7675845,0.21857929,0.4090636,0.29999247,0.005221205,0.8819605,0.0062585007,0.037323497,0.07437226,1.926355,39.0625,0.205625,1,0.00024572603,0.004626853,7.63139e-05,8.6363136e-05,9.407823e-05,0.00010850087,0.00012649209,0
1.6363636363636365,0.611111111111111,0.2331388368106342,58.331345,0.45663613,1.6445414,0.45566282,30.56348,0.21856758,0.76955754,0.21855281,41.000103,0.2826557,0.8023776,0.28257245,0.35679096,0.34575874,0.005909213,0.78218055,0.012000499,0.074015655,0.13158649,2.644549,39.0625,0.21183333333333335,56,0.08814617,0.0046820072,0.00014152755,0.00018263816,0.00022120222,0.00025468692,0.0002894364,1
1.444043321299639,0.6925,0.21681698244447384,59.169666,0.44266543,1.2797661,0.44119546,29.935068,0.22239085,0.69769865,0.22227208,39.25015,0.2815634,0.8578607,0.28156337,0.38717595,0.1907887,0.005924077,0.7816129,0.009544565,0.06930031,0.13935818,2.616301,39.0625,0.21179166666666666,76,0.12732485,0.004675929,0.00015503283,0.00018737916,0.00019320515,0.00022311874,0.00027076033,1
1.55440414507772,0.6433333333333334,0.2977359103680146,44.99574,0.33126014,0.9060412,0.33108592,27.870056,0.20746453,0.6527814,0.20733792,31.837086,0.22433668,0.652431,0.2232527,0.477687,0.3151168,0.0052123414,0.8830894,0.006194797,0.03750296,0.07307754,1.9134073,39.0625,0.20466666666666666,1,0.0002552848,0.004624543,7.283399e-05,8.436569e-05,9.940564e-05,0.0001111028,0.00012231729,0
1.3108614232209739,0.7628571428571428,0.2042486595613244,43.789677,0.33419713,1.0545857,0.3339982,29.123243,0.20887887,0.66282845,0.20862709,32.428535,0.2263646,0.7319811,0.22627583,0.40128523,0.1981929,0.005241263,0.88285345,0.0067975535,0.03629741,0.07394476,1.9209856,39.0625,0.21091666666666667,1,0.00023303833,0.004652059,7.6639735e-05,8.22195e-05,9.218091e-05,0.00010801555,0.00012539345,0
1.5437392795883362,0.6477777777777778,0.22906346171192143,56.20702,0.45018652,1.5973203,0.45018408,28.469616,0.21681288,0.7951444,0.21681127,41.530148,0.28918752,1.0695274,0.2887502,0.33868533,0.40758514,0.006460892,0.72390366,0.017427342,0.09205658,0.16637295,3.0509317,39.0625,0.21508333333333332,73,0.1525062,0.004778226,0.00022662959,0.00024644675,0.0003135332,0.00034822986,0.00032003445,1
1.6453382084095065,0.6077777777777778,0.17426053087750457,58.39616,0.44291052,1.3327738,0.44251898,30.335543,0.2253376,0.7750343,0.22446768,38.605675,0.2788298,1.0414759,0.2784751,0.4363567,0.22364369,0.006203908,0.7509395,0.012884187,0.07060264,0.16535646,2.8585277,39.0625,0.21266666666666667,64,0.10960888,0.004727499,0.00017689691,0.00021154726,0.0002186358,0.00022641706,0.00027523265,1
1.4519056261343013,0.68875,0.21232568236050717,44.573635,0.34932038,1.1964073,0.3492814,27.825762,0.19924212,0.6114312,0.19917074,31.465313,0.21963769,0.67535174,0.21915703,0.3845174,0.2550224,0.005177614,0.8856683,0.006096562,0.037414223,0.070686236,1.9002032,39.0625,0.20229166666666668,3,0.0007433684,0.0046065873,7.120581e-05,8.459134e-05,9.5448864e-05,0.000109115535,0.00011811653,0
1.4059753954305798,0.71125,0.20668764558378044,44.75646,0.33472124,1.1741465,0.3338903,27.142279,0.203241,0.71859443,0.20260416,32.47271,0.22621547,0.7272754,0.22552413,0.43569005,0.31162497,0.0051764175,0.88262546,0.0062585482,0.036318332,0.07466079,1.9201652,39.0625,0.211875,1,0.0002710721,0.0045906818,7.032874e-05,8.254178e-05,9.4998635e-05,0.00010544808,0.00011824784,0
1.6071428571428572,0.6222222222222222,0.18554249998750322,53.981796,0.42375228,1.396075,0.42371556,30.417902,0.2214432,0.7169626,0.22133665,41.27135,0.29835725,1.0358522,0.2983317,0.36040854,0.4637931,0.0056544724,0.83115333,0.0080675315,0.050987955,0.10950952,2.3016238,39.0625,0.20858333333333334,34,0.0705841,0.004734127,0.00010730697,0.00012501919,0.00014089125,0.00016326965,0.00017831639,1
1.5065913370998116,0.6637500000000001,0.20834277277574964,56.540085,0.4321709,1.6479875,0.4321027,29.489883,0.22263972,0.7608403,0.22243047,39.77572,0.27802515,0.92820895,0.27730057,0.4111181,0.42051384,0.0061926525,0.7529581,0.015084876,0.07953162,0.15214476,2.8409164,39.0625,0.210625,84,0.15572722,0.0047449474,0.00020346392,0.00026985514,0.00024294991,0.00022259538,0.00029985784,1
1.5009380863039399,0.66625,0.20796761609740727,45.37759,0.3521957,1.0767608,0.35216337,29.71289,0.21250367,0.6780693,0.21250367,30.471468,0.21704443,0.6621172,0.21581388,0.38040346,0.31005374,0.0051832725,0.8816841,0.0060754633,0.037439123,0.074683115,1.9280065,39.0625,0.20675,0,0.0,0.0045909453,7.2275165e-05,8.530634e-05,9.42796e-05,0.00010874131,0.00012596128,0
1.5873015873015872,0.63,0.22322775423161223,43.916298,0.32994542,1.0683758,0.32968456,28.528551,0.20565483,0.62542176,0.20549457,30.200684,0.22167125,0.6369102,0.22162381,0.47184238,0.32482228,0.005163745,0.88312143,0.0062041664,0.03767753,0.072859555,1.9174421,39.0625,0.204,1,0.00023536984,0.0045817383,7.290219e-05,8.6068554e-05,9.581556e-05,0.00010847901,0.00012288571,0
1.4260249554367204,0.7012499999999999,0.1865365851439015,51.08631,0.41247037,1.5774027,0.41232622,29.311495,0.22191262,0.93769115,0.22182164,39.63484,0.28265625,0.9541727,0.28175738,0.35926116,0.23385721,0.0060857143,0.7596571,0.01609584,0.07161656,0.1524084,2.79579,39.0625,0.21475,79,0.14086623,0.0047099018,0.00016840758,0.00016267455,0.00021606262,0.00027311285,0.00033707597,1
1.615798922800718,0.6188888888888889,0.23507198619571879,46.71414,0.34254935,1.2996956,0.3425474,27.763021,0.20445465,0.66410196,0.20433211,31.04464,0.22332987,0.7132045,0.22259527,0.521483,0.430405,0.00518388,0.8812459,0.0062383246,0.037276912,0.07513881,1.9334946,39.0625,0.21033333333333334,0,0.0,0.004590061,7.313744e-05,8.61677e-05,9.714178e-05,0.0001070619,0.00012076879,0
1.5384615384615388,0.6499999999999999,0.2103189368095536,53.994503,0.4111882,1.2420261,0.41100746,30.684929,0.22499599,0.7907029,0.22493447,39.088448,0.27817032,0.91804993,0.27812794,0.38042477,0.25230232,0.005728866,0.8145429,0.010467959,0.05988477,0.114846595,2.4060664,39.0625,0.21670833333333334,64,0.10337349,0.004715242,0.00012802398,0.0001382847,0.00016873993,0.00020475664,0.0002174751,1
1.4492753623188408,0.69,0.1699425975306663,44.82507,0.3324681,1.1528059,0.33225515,28.051373,0.20776276,0.6490571,0.2077218,30.96635,0.22585455,0.83397555,0.22575842,0.42890108,0.2505315,0.0051347082,0.8845663,0.005992932,0.03613291,0.073165596,1.9018054,39.0625,0.206625,1,0.00023675429,0.004562339,6.958231e-05,8.177817e-05,9.05764e-05,0.000103745064,0.00012468793,0
1.4545454545454546,0.6875,0.2568982138804632,48.233604,0.35053954,1.204341,0.34966254,29.032879,0.20928943,0.6074721,0.20928346,31.001896,0.2158229,0.7966209,0.21579136,0.44463447,0.16659139,0.0051355273,0.8815669,0.006309659,0.0373456,0.07466588,1.9330206,39.0625,0.213875,1,0.00026351836,0.00454935,7.3612115e-05,8.749731e-05,9.386234e-05,0.00010428278,0.0001241637,0
1.6423357664233578,0.6088888888888888,0.139881515197105,56.236233,0.44022688,1.4577907,0.44000438,28.200632,0.20398921,0.63864005,0.20388764,37.085136,0.27856335,0.9031151,0.27815455,0.33234608,0.2745894,0.0060224454,0.7707138,0.013503835,0.078089826,0.13733953,2.7154686,39.0625,0.21208333333333335,61,0.14459111,0.00471179,0.00017357936,0.00018846171,0.00025049326,0.00028177255,0.0002624369,1
1.40597539543058,0.7112499999999999,0.2125811404691854,58.62384,0.4410376,1.5124702,0.4408446,26.853004,0.20432448,0.67662597,0.20339954,40.74171,0.29579756,0.9659389,0.2949298,0.44283414,0.25050887,0.005989369,0.776216,0.0171059,0.064900845,0.14150171,2.677474,39.0625,0.209125,53,0.10883555,0.0047402447,0.00018974509,0.00016101306,0.00016795531,0.00022766319,0.00028650128,1
1.4466546112115732,0.69125,0.21968647924179316,45.16319,0.33785972,1.1191622,0.3378597,27.679844,0.19564025,0.5752912,0.19542827,33.26677,0.23358761,0.7745888,0.23356266,0.41543815,0.30192134,0.0051846486,0.8845419,0.006211984,0.036487926,0.07264691,1.9083343,39.0625,0.2025,0,0.0,0.004607615,7.313912e-05,8.3638464e-05,9.27961e-05,0.00010552955,0.00012241489,0
1.680672268907563,0.595,0.0972033176330283,58.05944,0.44696322,1.6517985,0.44685572,28.028,0.2121306,0.7367493,0.21211302,40.972282,0.2863974,0.9837529,0.2863754,0.41017908,0.41477066,0.0063133147,0.7270267,0.016649077,0.0882342,0.16784483,2.9927163,39.0625,0.21166666666666667,87,0.14281657,0.004684072,0.00019809615,0.00020356392,0.00030263167,0.0003534032,0.00037455707,1
1.4209591474245116,0.70375,0.277081336806781,58.250633,0.45774275,1.8524262,0.45752847,30.868193,0.2340408,0.7264659,0.23389232,38.162876,0.27742863,0.79009616,0.27736276,0.36707386,0.17876607,0.0066500916,0.69562286,0.0134940175,0.106162414,0.18439609,3.1780121,39.0625,0.21075,84,0.1666866,0.0047046086,0.00024438402,0.00030739172,0.00029329618,0.0003984713,0.00045366178,1
1.565217391304348,0.6388888888888888,0.18716469411166925,57.52438,0.42962733,1.3139281,0.42942715,30.952614,0.22535737,0.7180667,0.22535412,40.17022,0.2825795,0.87668544,0.28251076,0.41160986,0.41146764,0.0055954107,0.8299167,0.0083914,0.053435817,0.108063824,2.3092165,39.0625,0.20808333333333334,47,0.06960798,0.004679711,0.00010733006,0.0001392427,0.0001485241,0.00015973017,0.0002168801,1
1.4492753623188408,0.69,0.22193322622000475,57.279015,0.42556214,1.2980026,0.42518649,27.651737,0.20432399,0.6657755,0.2041971,39.99919,0.2893294,0.88697374,0.28932104,0.3959972,0.34651893,0.00580581,0.7950751,0.011349095,0.0656082,0.12778446,2.536939,39.0625,0.20779166666666668,68,0.105687015,0.004671019,0.00015044978,0.00017777107,0.00017996324,0.00020310128,0.0002310527,1
1.3986013986013985,0.7150000000000001,0.22124883633996553,43.589073,0.32846677,1.0420797,0.32845938,27.054691,0.19940154,0.6302133,0.199099,32.983955,0.22654402,0.66731185,0.22631887,0.41679683,0.17179808,0.0052121878,0.8824613,0.006022787,0.036916684,0.074512996,1.9212389,39.0625,0.204125,0,0.0,0.004620256,7.2052906e-05,8.5377695e-05,9.893779e-05,0.00010702962,0.00012159281,0
1.6791044776119401,0.5955555555555556,0.1166305921318578,47.867275,0.35543272,1.1812125,0.3540111,29.588257,0.20364103,0.7466966,0.20319265,30.933777,0.22329788,0.7053991,0.22315301,0.46693712,0.3279595,0.0051908637,0.8814941,0.006625824,0.03615366,0.07560569,1.9280121,39.0625,0.2075,1,0.00023735955,0.004599516,7.488364e-05,8.521545e-05,9.3753166e-05,0.00010244439,0.0001252194,0
1.4981273408239701,0.6675,0.1947205353833022,55.951023,0.43303165,1.4644519,0.43294886,29.180603,0.21547374,0.6707604,0.21546765,39.88235,0.28422448,0.95604175,0.28369424,0.34051457,0.30771366,0.0060694353,0.7717679,0.011621669,0.079502285,0.13683961,2.70701,39.0625,0.21133333333333335,58,0.10913092,0.0047434648,0.00016456874,0.00021185761,0.00024819505,0.0002706173,0.00026398498,1
1.4625228519195612,0.68375,0.24872967804870605,44.343616,0.33409312,1.7291521,0.33263227,26.746716,0.20195363,0.70235944,0.20188288,31.1481,0.21754839,0.7469521,0.21733579,0.48029655,0.21680093,0.0052132066,0.88246375,0.006170951,0.037212435,0.07407944,1.9216964,39.0625,0.21125,2,0.00050182274,0.004621939,7.1892886e-05,8.52536e-05,9.774646e-05,0.00010873297,0.00012272295,0
1.5444015444015444,0.6475,0.21673269473287243,46.391308,0.34825262,0.9888552,0.34809554,29.293629,0.2074442,0.78466743,0.20734796,30.346188,0.20959377,0.66977286,0.20947708,0.46223462,0.3727757,0.0051825657,0.8825072,0.0063552964,0.0374319,0.073620334,1.9232526,39.0625,0.20733333333333334,0,0.0,0.00459601,7.335289e-05,8.5510976e-05,9.684507e-05,0.00010847276,0.00011986315,0
1.5761821366024518,0.6344444444444445,0.2368485540084,57.523018,0.44071084,1.5564617,0.44068965,30.028774,0.21704975,0.71820396,0.21704525,41.374603,0.295131,1.0187823,0.29502434,0.36282027,0.37516955,0.0059717097,0.7771017,0.01201747,0.07303324,0.13754065,2.6781704,39.0625,0.21083333333333334,58,0.11579849,0.0047013224,0.00015524999,0.00016334974,0.00020204224,0.00027273307,0.0003061751,1
1.541425818882466,0.64875,0.18584211781202079,57.461792,0.43799576,1.2840815,0.4375262,29.002161,0.21958338,0.7846909,0.21932927,39.22731,0.28050146,0.7695314,0.28050068,0.41054198,0.18108498,0.006218957,0.74370027,0.013223675,0.08216833,0.16067843,2.898068,39.0625,0.21266666666666667,72,0.13086946,0.0046962327,0.0001866412,0.00022172471,0.00025229994,0.00028921023,0.0003214327,1
1.5517241379310347,0.6444444444444444,0.15028707927031015,56.845425,0.42275068,1.3881024,0.42271966,28.919271,0.2109339,0.6789017,0.21090484,42.20007,0.29430857,0.8143956,0.2943066,0.36975154,0.27181852,0.005798193,0.8028255,0.0134318,0.06480022,0.11877865,2.4688828,39.0625,0.211625,54,0.07796969,0.0047216536,0.00016133419,0.00018212092,0.00017040927,0.0001935679,0.00024694702,1
1.5267175572519083,0.655,0.18899875136093428,55.992428,0.42592007,1.3166851,0.42553413,30.193491,0.22608534,0.6725652,0.22598901,39.69566,0.29127955,1.1839881,0.29125232,0.39956763,0.25990677,0.0057086456,0.80939794,0.011588193,0.060164265,0.118758485,2.4418151,39.0625,0.20975,47,0.08879303,0.0046757706,0.00014930453,0.00016167261,0.0001508575,0.00018175425,0.00021702386,1
1.6453382084095065,0.6077777777777778,0.17546464867720798,57.68958,0.44042733,1.4531388,0.4400837,29.946453,0.21923563,0.70355636,0.21923546,39.43637,0.2823663,0.82264686,0.28232148,0.37493008,0.3805898,0.005667605,0.81352836,0.01013249,0.065525495,0.11056818,2.4272325,39.0625,0.20666666666666667,49,0.08927902,0.004657323,0.00014452985,0.00016936085,0.00019195664,0.000201977,0.0002166219,1
1.8036072144288575,0.5544444444444445,0.05179498096289644,44.64186,0.34378868,1.2543037,0.34351307,27.924837,0.19999692,0.66782844,0.19986095,30.532326,0.21874186,0.7275602,0.21844876,0.39841023,0.3953522,0.005204596,0.88134915,0.006564814,0.03713526,0.074848264,1.9313709,39.0625,0.20575,1,0.00023136512,0.004610588,7.319401e-05,8.508542e-05,9.843197e-05,0.00010817914,0.00012263688,0
1.3769363166953528,0.7262500000000001,0.22297627652720786,44.79627,0.3392229,1.3083819,0.33910608,27.663338,0.20465697,0.6310013,0.20465407,30.645605,0.21900563,0.7511432,0.21878377,0.42076895,0.39727664,0.0052204384,0.8841429,0.006126117,0.035579763,0.074045055,1.908573,39.0625,0.20970833333333333,1,0.00025001075,0.0046368265,7.098785e-05,8.040502e-05,9.270697e-05,0.00010532817,0.00011862005,0
1.3745704467353952,0.7275,0.20650032963674617,62.64206,0.4566968,2.0237036,0.45650643,27.800808,0.21262294,0.6425357,0.21257068,39.94703,0.28390738,0.9182862,0.28341416,0.4606512,0.29243085,0.0062965206,0.73159647,0.0131445415,0.08090895,0.17408799,2.9629352,39.0625,0.21320833333333333,88,0.15025736,0.0046783173,0.00019897246,0.00022816742,0.00023492034,0.00028121186,0.00035556554,1
1.3961605584642234,0.71625,0.2453171172407454,56.091984,0.4213362,1.278496,0.41954672,27.683372,0.20869079,0.70083517,0.20864385,39.143276,0.28557968,0.8924395,0.284661,0.41844732,0.21486773,0.0056355596,0.8160562,0.007628101,0.06409742,0.112084605,2.4065843,39.0625,0.21204166666666666,46,0.07232695,0.004631181,0.00011591561,0.00015245404,0.00017646608,0.00020873737,0.00021496922,1
1.3651877133105803,0.7324999999999999,0.23305857217911902,43.70845,0.32562408,1.1328052,0.32557875,28.959429,0.21543819,0.7873936,0.21465993,32.03065,0.22568735,0.684513,0.22567855,0.44154537,0.29670686,0.005173019,0.88164425,0.0059803384,0.037179418,0.07503048,1.9260347,39.0625,0.208625,1,0.00024052021,0.00458119,7.10454e-05,8.3683764e-05,9.545956e-05,0.000108636676,0.00012247522,0
1.5228426395939088,0.6566666666666666,0.19006746133754174,53.94586,0.41957593,1.1832585,0.41939145,28.294285,0.21246168,0.63405806,0.21190332,40.22437,0.28745976,1.0103384,0.28689855,0.35342997,0.30832443,0.0061837225,0.75000757,0.014569115,0.08629662,0.1488059,2.8665042,39.0625,0.21570833333333334,82,0.13866918,0.004716788,0.00023048722,0.0002575533,0.00025691773,0.00027600979,0.00027707138,1
1.436265709156194,0.69625,0.23080319270817826,57.454926,0.4362553,1.5549324,0.4362146,27.682177,0.21397606,0.67659765,0.21380813,40.648174,0.28733453,0.91461194,0.287278,0.43619522,0.34886828,0.0061023203,0.76519966,0.011781623,0.07706353,0.14573397,2.7770534,39.0625,0.20958333333333334,65,0.108979054,0.0047301836,0.00013805843,0.00018649016,0.0002614681,0.00028371855,0.00031849922,1
1.6129032258064517,0.62,0.20933249483798966,47.271233,0.33660942,1.079713,0.33660936,28.994154,0.21036536,0.85764945,0.21034153,31.742949,0.22724696,0.8289875,0.2272409,0.45604396,0.33385295,0.005270223,0.8837551,0.006239572,0.036195084,0.07370627,1.9144738,39.0625,0.20479166666666668,1,0.00023840346,0.0046795043,7.222418e-05,8.343643e-05,9.215406e-05,0.00010731051,0.00012550967,0
1.3722126929674099,0.72875,0.2474207806712377,43.113075,0.3194581,1.0742805,0.31920338,27.821924,0.20328021,0.5849055,0.20313844,32.663162,0.23392752,0.778059,0.2334888,0.46731082,0.33040652,0.005225677,0.8845083,0.0062842225,0.03603282,0.073043324,1.9061818,39.0625,0.20929166666666665,2,0.00048232984,0.004644193,7.380217e-05,8.146117e-05,9.05046e-05,0.000106825675,0.0001229241,0
1.415929203539823,0.70625,0.2396580399905846,44.96887,0.34062707,1.0122216,0.34045526,27.97002,0.20325759,0.6584601,0.20310588,31.958054,0.22973792,0.81723243,0.2296266,0.44637185,0.24319574,0.0052123745,0.8821194,0.006620893,0.036327694,0.074812636,1.9235314,39.0625,0.20983333333333334,0,0.0,0.00462175,7.437103e-05,8.245564e-05,9.584478e-05,0.00010688878,0.00011983036,0
1.8456375838926173,0.5418181818181819,0.05209454499912757,45.797054,0.3401219,1.0318642,0.3400559,28.222815,0.20217687,0.65921456,0.20212187,32.613495,0.23041412,0.6400916,0.2302949,0.46877617,0.31480289,0.0052364953,0.8823574,0.0064323163,0.037028328,0.07399898,1.9234467,39.0625,0.20891666666666667,1,0.0002369077,0.0046433457,7.383246e-05,8.3914674e-05,9.578389e-05,0.000109974404,0.00012539013,0
1.4035087719298243,0.7125000000000001,0.26047757463143695,47.686363,0.35298982,1.2296166,0.35286355,27.672054,0.20467705,0.6688431,0.20466854,30.972559,0.22305866,0.71323895,0.22294839,0.44740638,0.34614968,0.0051936987,0.88462794,0.0065668733,0.03571384,0.0729757,1.9030604,39.0625,0.20220833333333332,0,0.0,0.0046179187,7.163555e-05,8.045033e-05,9.350707e-05,0.00010502784,0.000120253935,0
1.4414414414414416,0.69375,0.2372843648785818,45.302692,0.33765444,1.2368119,0.33764747,30.238836,0.21517792,0.7496277,0.21513909,31.343365,0.22791591,0.7767601,0.22791548,0.38568345,0.28063378,0.0051817936,0.88110316,0.0066531715,0.037472222,0.07466679,1.9300747,39.0625,0.205375,1,0.00027003943,0.0045896214,7.6345474e-05,8.652971e-05,9.64711e-05,0.00010763406,0.00012622625,0
1.4705882352941178,0.6799999999999999,0.21737860708405699,44.170834,0.33505493,1.186077,0.33505365,27.889126,0.19906594,0.66705155,0.19901456,31.014292,0.22006643,0.7752978,0.22002967,0.45009404,0.29516506,0.0052374694,0.88355273,0.0056605167,0.036551826,0.07411138,1.9123652,39.0625,0.20758333333333334,0,0.0,0.004646416,7.1368035e-05,8.411712e-05,9.628194e-05,0.00010731266,0.00012090485,0
1.5570934256055362,0.6422222222222222,0.21919807222303148,61.314426,0.44855994,1.3403126,0.4485586,28.185612,0.21453398,0.8201824,0.21427195,40.585323,0.2900008,1.0578735,0.2899669,0.4211203,0.25942752,0.0060098898,0.7696722,0.012000912,0.067148276,0.15083571,2.7218666,39.0625,0.21004166666666665,69,0.12699972,0.004686769,0.00015199516,0.0001876902,0.00020021212,0.00021582264,0.00026719473,1
1.5544041450777202,0.6433333333333333,0.21847842813047016,56.135876,0.43459624,1.8204093,0.4345304,29.043957,0.21079017,0.5790488,0.21062675,37.769115,0.27766508,0.9565427,0.27762812,0.38918197,0.3902917,0.005978739,0.77663714,0.010357008,0.079825126,0.13301013,2.6549113,39.0625,0.21016666666666667,59,0.09471373,0.004694198,0.00014202386,0.00017100437,0.00026298835,0.0003061877,0.00026047506,1
1.40597539543058,0.7112499999999999,0.15247501526744422,56.109306,0.42371374,1.557883,0.42360264,29.257605,0.21865433,0.6305678,0.21844746,37.374043,0.2777461,0.93632716,0.27764025,0.40261045,0.21075583,0.005947837,0.779166,0.01182573,0.07113403,0.13776718,2.6553688,39.0625,0.20766666666666667,72,0.123162486,0.004693658,0.00015895965,0.00019879386,0.00021774453,0.00022425484,0.00024463848,1
1.4260249554367201,0.70125,0.22050854401305076,56.958405,0.4396754,1.2683018,0.4396669,28.87859,0.21337166,0.70160663,0.21323453,39.117577,0.28538376,0.95878005,0.28537488,0.35582784,0.2678606,0.0057409285,0.8013343,0.01404833,0.066102915,0.11835671,2.506404,39.0625,0.21358333333333332,45,0.09024171,0.0046701315,0.00016998424,0.00019004809,0.00018296688,0.00018940806,0.0002350453,1
1.3409961685823755,0.7457142857142857,0.09692804958658567,45.459354,0.33076817,1.1146785,0.33074617,28.408182,0.20373994,0.6958811,0.20339546,32.154007,0.2303936,0.6517314,0.2303871,0.503762,0.1578967,0.0051848814,0.8836027,0.0061947047,0.036433574,0.073612735,1.9159796,39.0625,0.208625,2,0.00047603497,0.004602884,7.292842e-05,8.2522e-05,9.314952e-05,0.00010637271,0.00012073688,0
1.3888888888888888,0.72,0.2286399639515884,58.706028,0.43250668,1.3054323,0.43245232,29.360806,0.21803567,0.62832767,0.2175123,37.69794,0.2789118,0.83265066,0.27845657,0.46611893,0.16923809,0.005628234,0.81895304,0.01117332,0.05508454,0.114680134,2.3800907,39.0625,0.20941666666666667,49,0.093849495,0.0046612644,0.00012210538,0.00013673169,0.0001658397,0.00017327265,0.00018512642,1
1.351351351351351,0.7400000000000001,0.23495088545234544,45.23481,0.34374666,1.0682855,0.34368566,29.241585,0.2082065,0.6628271,0.20702451,31.64162,0.2270594,0.7414296,0.22688504,0.4163443,0.275519,0.0051899985,0.8833285,0.0061591305,0.036773916,0.073644266,1.9146165,39.0625,0.20779166666666668,0,0.0,0.004605817,7.311349e-05,8.228675e-05,9.19508e-05,0.00010856054,0.00012453964,0
1.6042780748663104,0.6233333333333333,0.23124864132156883,56.59405,0.43669066,1.4346132,0.43601903,30.103165,0.22048241,0.7436031,0.22026415,41.197292,0.29140946,1.1537808,0.2912898,0.41034895,0.12243316,0.0062181307,0.7495176,0.01452361,0.08690374,0.14886005,2.8616307,39.0625,0.21075,76,0.13298567,0.0047396575,0.00020766538,0.000251428,0.00026940342,0.0002888775,0.0002996382,1
1.615798922800718,0.6188888888888889,0.1973722503449627,44.28568,0.32517624,1.2133087,0.32469666,26.582403,0.19976412,0.68226844,0.19913381,29.810833,0.22062138,0.79115003,0.22062108,0.44244376,0.48097864,0.0052147065,0.8830712,0.005960278,0.036886044,0.073966764,1.9188975,39.0625,0.21054166666666665,0,0.0,0.0046253246,7.118935e-05,8.195991e-05,9.411939e-05,0.00011038054,0.00012297663,0
1.4184397163120568,0.705,0.24061269805779678,42.736504,0.33154625,1.1089557,0.33092186,28.51295,0.2107991,0.60428053,0.21079823,30.41529,0.21551152,0.70482856,0.21515624,0.4193843,0.3410006,0.005201593,0.8823201,0.006357969,0.037179347,0.07402204,1.9207265,39.0625,0.20495833333333333,0,0.0,0.0046118903,7.200661e-05,8.383756e-05,9.6931115e-05,0.000109544766,0.0001248147,0
1.5306122448979589,0.6533333333333334,0.19387754805289462,57.86359,0.45193157,1.5062288,0.4512049,29.094965,0.21529797,0.61376697,0.21527375,40.589375,0.30197904,1.1164296,0.30195788,0.33331382,0.18941155,0.005813379,0.7915352,0.010250764,0.06564051,0.13242589,2.5595438,39.0625,0.209,49,0.10575121,0.0046502557,0.00014580903,0.00017645049,0.00018290315,0.00020510604,0.00022617061,1
1.4705882352941178,0.6799999999999999,0.1721279373322307,43.73344,0.34372926,1.0891657,0.3431151,28.64046,0.20246504,0.69962627,0.2024626,31.321428,0.22151579,0.91078717,0.22147086,0.41954038,0.32660598,0.0051990673,0.8816855,0.006788351,0.036599968,0.074788384,1.925634,39.0625,0.210125,0,0.0,0.0046085995,7.5471886e-05,8.342488e-05,9.2037306e-05,0.000106851636,0.00012302805,0
1.4209591474245113,0.7037500000000001,0.21384579203749776,44.802464,0.34869257,1.050969,0.3486017,28.47893,0.20643383,0.6413988,0.20621401,32.11676,0.2281532,0.7232187,0.2271323,0.42833564,0.2888217,0.005209145,0.8815485,0.0060265837,0.038194604,0.07412134,1.9273083,39.0625,0.21091666666666667,1,0.00023368628,0.004612852,7.531907e-05,8.8704866e-05,9.838631e-05,0.00011024634,0.00012220003,0
1.5332197614991483,0.6522222222222221,0.2344013669385394,45.966064,0.34881532,1.1115267,0.3488127,28.250896,0.20091131,0.6231826,0.20078577,32.451008,0.23320863,0.6896027,0.23274644,0.4333854,0.40468833,0.0052307276,0.88229257,0.0061921007,0.036868036,0.07454468,1.9224132,39.0625,0.20583333333333334,0,0.0,0.0046366556,7.392309e-05,8.832933e-05,9.695662e-05,0.000104507955,0.00012249644,0
1.5706806282722514,0.6366666666666666,0.2676821535162849,56.075832,0.4272002,1.1930697,0.42711455,28.925114,0.21579643,0.7264515,0.21575353,40.903767,0.29103297,1.0264094,0.29043952,0.43192315,0.31200886,0.0058535486,0.78474814,0.010200233,0.06395994,0.14085715,2.6202178,39.0625,0.213625,66,0.107310124,0.004642475,0.00013689569,0.00016583441,0.00019077321,0.0002085227,0.00024489,1
1.52027027027027,0.6577777777777779,0.21232778545407982,56.81116,0.4467354,1.6833551,0.44667423,28.47285,0.21478598,0.79006106,0.21443845,40.57036,0.29279453,0.9714595,0.29266477,0.32311141,0.40401742,0.0061501297,0.76674575,0.0144808935,0.06759328,0.1510098,2.750107,39.0625,0.21279166666666666,89,0.14900078,0.00479314,0.0001641788,0.00016859379,0.00021680235,0.00024706888,0.00026525412,1
1.744186046511628,0.5733333333333334,0.15985728889629752,48.707294,0.35319895,1.1024153,0.35193685,27.735855,0.20825613,0.6174699,0.20822994,31.313192,0.22647776,0.7453478,0.22545542,0.45457464,0.4504343,0.0052247797,0.8843205,0.006276924,0.036677074,0.07258635,1.9087567,39.0625,0.20429166666666668,0,0.0,0.004642383,7.2340954e-05,8.502957e-05,9.558858e-05,0.00010659078,0.00012342785,0
1.573426573426573,0.6355555555555557,0.19229179542761266,57.697765,0.4411532,1.4921345,0.44103876,29.062025,0.21311224,0.8358851,0.21309821,39.86476,0.28617492,0.9184461,0.2861747,0.39669064,0.39831728,0.005625176,0.8177818,0.009114279,0.058960147,0.113928825,2.3872185,39.0625,0.21329166666666666,53,0.08352511,0.0046406514,0.00012564243,0.0001640842,0.00015890079,0.00016754953,0.00019812204,1
1.5873015873015872,0.63,0.19569567952765513,61.789528,0.4575224,1.764525,0.45700616,27.736645,0.20486999,0.7054833,0.20483258,37.94321,0.2740693,0.8833003,0.27388003,0.4756931,0.3208099,0.006169183,0.7481238,0.018659761,0.07635222,0.15665822,2.8812394,39.0625,0.21625,88,0.14937702,0.0047192746,0.00022634669,0.00022015217,0.00022523823,0.00025082298,0.00030657777,1
1.5873015873015877,0.6299999999999999,0.16580359118822235,44.613686,0.32268092,1.1503611,0.32178923,27.707817,0.20525202,0.62544197,0.2052354,31.528576,0.21859387,0.67462325,0.21856466,0.5249289,0.28762844,0.0051697283,0.88182974,0.00698148,0.037546482,0.07355434,1.9256139,39.0625,0.20645833333333333,0,0.0,0.0045843883,7.602548e-05,8.467422e-05,9.830132e-05,0.00010942133,0.000121967416,0
1.4260249554367204,0.7012499999999999,0.2065814431884645,54.75161,0.43558702,1.518374,0.4348978,30.435432,0.222174,0.9629613,0.22213611,41.300976,0.29268828,1.0199649,0.29266095,0.39716163,0.27589303,0.006297058,0.7376237,0.013903213,0.08374209,0.16436209,2.9496813,39.0625,0.20995833333333333,77,0.15688178,0.0047212457,0.00019022438,0.00019079345,0.00022599798,0.00033646054,0.00040022374,1
1.5985790408525755,0.6255555555555555,0.24743413432430397,56.765903,0.44118127,1.3738958,0.44060847,30.20927,0.22655638,0.6988519,0.2264191,38.970642,0.28438875,0.84588635,0.2842081,0.38633636,0.25293124,0.0062232274,0.74867404,0.016425602,0.07642873,0.15821716,2.8495193,39.0625,0.21245833333333333,91,0.15092596,0.0047500893,0.00019334222,0.00018674841,0.00023241303,0.00028882577,0.00033052755,1
1.4466546112115732,0.69125,0.1820483465957042,55.415947,0.42172563,1.7698326,0.42150858,31.214205,0.22568585,0.7358274,0.22560929,38.728622,0.288249,0.96199423,0.2879676,0.42253363,0.30224472,0.0057093175,0.80487025,0.008594,0.06091844,0.12541416,2.479208,39.0625,0.21020833333333333,59,0.10878719,0.004633574,0.00010818749,0.00015547757,0.00017817273,0.00019229457,0.00022308138,1
1.3864818024263432,0.72125,0.22112510004438587,57.621883,0.43872094,1.4192172,0.43828547,29.791824,0.2101479,0.6133743,0.20974477,38.63081,0.27916607,0.8996061,0.2783671,0.3941199,0.18953562,0.006366216,0.73204905,0.012682296,0.09090945,0.16414018,2.968756,39.0625,0.21404166666666666,78,0.14873841,0.0047299177,0.000251749,0.00029165737,0.00027978027,0.00028700815,0.00032784397,1
1.6483516483516483,0.6066666666666667,0.16317848527637108,47.592007,0.33596936,1.0604733,0.33579734,27.178907,0.20279722,0.6559854,0.2027926,32.90345,0.23289132,0.7309686,0.23246801,0.49720028,0.3577914,0.005173015,0.883607,0.0062268144,0.036912728,0.07315563,1.9116389,39.0625,0.20791666666666667,0,0.0,0.0045925616,7.309675e-05,8.52975e-05,9.348328e-05,0.00010564337,0.00012359297,0
1.4678899082568808,0.6812499999999999,0.2102259065600019,48.264954,0.35954526,1.0395315,0.3594398,30.265423,0.21468145,0.75693035,0.21468115,32.73898,0.23506914,0.6721878,0.23506913,0.44045365,0.30976653,0.0052278405,0.88316,0.006062869,0.036010936,0.07464751,1.9165757,39.0625,0.20775,0,0.0,0.0046379436,6.956025e-05,8.226228e-05,9.497601e-05,0.00010598813,0.00012266044,0
1.4953271028037385,0.66875,0.25774744942609384,45.029034,0.34312245,1.1556473,0.34301353,28.837498,0.20574339,0.65471625,0.20499632,30.108593,0.21259698,0.8030918,0.2122874,0.3852147,0.33294258,0.005223439,0.8838133,0.0067304526,0.035928555,0.07339197,1.9134426,39.0625,0.206125,1,0.0002345758,0.0046409154,7.411422e-05,8.194211e-05,9.473026e-05,0.00010571956,0.00012105316,0
1.4760147601476015,0.6775,0.20167325786371143,47.083786,0.35130832,1.2564175,0.35066196,29.281584,0.20960933,0.7654906,0.2095028,30.599241,0.22269338,0.6855075,0.22261375,0.4836699,0.3082819,0.0051744073,0.8830591,0.005939917,0.036568064,0.07429175,1.9169441,39.0625,0.2055,1,0.00023365024,0.0045894957,6.969952e-05,8.54508e-05,9.5453164e-05,0.00010375823,0.000120833676,0
1.5679442508710804,0.6377777777777777,0.2514994027830211,55.088074,0.4227892,1.2934949,0.42268074,31.241234,0.22486375,0.9036735,0.22480328,40.081745,0.28859052,0.9678156,0.28842276,0.3603148,0.3127231,0.005476925,0.83739716,0.011564495,0.050430052,0.10046574,2.2537131,39.0625,0.21120833333333333,34,0.0508032,0.004638922,0.0001315397,0.0001299611,0.00013577592,0.00014622137,0.0001596868,1
1.5228426395939085,0.6566666666666667,0.26773942727788874,45.362835,0.34454766,0.99941957,0.34445268,27.486908,0.20191117,0.6782976,0.2010574,31.571571,0.22551335,0.84386855,0.2250793,0.44923994,0.52954113,0.005194502,0.8815643,0.006165762,0.03775345,0.07435299,1.926751,39.0625,0.20679166666666668,0,0.0,0.0046007168,7.3230425e-05,8.5945e-05,9.50341e-05,0.00011015563,0.00012653942,0
1.3445378151260505,0.7437499999999999,0.20730940576988155,47.10601,0.3455327,1.0416778,0.34523568,28.117266,0.2056387,0.6534156,0.2056289,31.415014,0.22117718,0.7385915,0.22108021,0.4157468,0.29459488,0.005182984,0.8822971,0.0062310053,0.036793012,0.074548155,1.922369,39.0625,0.20520833333333333,2,0.00048032755,0.0045946552,7.418018e-05,8.535519e-05,9.0394984e-05,0.000105333216,0.00012522277,0
1.565217391304348,0.6388888888888888,0.2643363800542977,45.808773,0.3460016,1.2396498,0.34571597,28.275341,0.20576423,0.6883871,0.2057637,30.664513,0.2268933,0.753395,0.22648273,0.44588527,0.43799376,0.005194485,0.88210154,0.0060381684,0.03731232,0.07442153,1.9198649,39.0625,0.20775,0,0.0,0.00460282,7.093183e-05,8.597805e-05,9.690343e-05,0.000107830754,0.00012505543,0
1.6363636363636362,0.6111111111111112,0.22836826489008408,47.173447,0.34712365,1.1407602,0.34662294,28.366789,0.20241393,0.6447038,0.20237336,31.047516,0.21851125,0.73993313,0.21837063,0.4726242,0.45825148,0.0051887543,0.8821138,0.0061438065,0.036641046,0.07498094,1.92141,39.0625,0.20891666666666667,0,0.0,0.0045983624,7.359656e-05,8.421959e-05,9.306626e-05,0.000105892635,0.0001215852,0
1.2844036697247707,0.7785714285714285,0.22908607463579148,44.407448,0.3255285,1.1377943,0.3255094,27.82289,0.20139857,0.56800175,0.2012083,29.145733,0.21114975,0.752287,0.21089604,0.46419924,0.31987995,0.005198219,0.8822121,0.005880583,0.03760573,0.07417597,1.9203575,39.0625,0.209125,0,0.0,0.0046058763,7.102016e-05,8.4694286e-05,9.8825425e-05,0.000110778776,0.000125112,0
1.680672268907563,0.595,0.22147281248468195,56.371983,0.41881326,1.241808,0.4184782,28.755146,0.2233687,0.7135775,0.22323142,39.5108,0.2886424,0.8715587,0.28859806,0.43482298,0.62983525,0.0062160003,0.7483993,0.013424305,0.09367296,0.14428939,2.8799198,39.0625,0.215625,80,0.14074457,0.0047243186,0.00018428134,0.00025602468,0.00032292368,0.00032616043,0.000326932,1
1.5734265734265735,0.6355555555555555,0.13208270258977642,58.284863,0.43903607,1.5626516,0.43860835,30.32313,0.2230086,0.6871532,0.22290981,40.706543,0.29383448,1.1189775,0.2938336,0.42847583,0.26246914,0.0062186285,0.74257725,0.011032384,0.08161473,0.16454622,2.8924775,39.0625,0.211875,61,0.12995169,0.0046754717,0.00018005942,0.0002422665,0.00022498569,0.00026520068,0.00032279358,1
1.3582342954159594,0.73625,0.2089803000583305,55.6567,0.44574386,1.4595839,0.4457301,30.789833,0.22774789,0.7008298,0.2277335,38.501434,0.2833474,0.92166936,0.28233033,0.3087885,0.1500229,0.0056257113,0.8154987,0.013467156,0.05835364,0.1125151,2.4012434,39.0625,0.21091666666666667,45,0.06127853,0.0046526818,0.0001418525,0.00013258304,0.00016138313,0.00019566977,0.00021056087,1
1.4035087719298247,0.7124999999999999,0.2358719538580541,46.742527,0.35340598,0.9552643,0.3531155,29.128397,0.21157926,0.57474095,0.21154323,31.939386,0.22803341,0.6735434,0.22801694,0.43286088,0.20629677,0.005190914,0.8827703,0.0061386754,0.037484303,0.073499605,1.9190216,39.0625,0.20879166666666665,1,0.00023238405,0.0046036365,7.232571e-05,8.443325e-05,9.8485856e-05,0.00011013491,0.000119977805,0
1.5094339622641508,0.6625000000000001,0.1855974708190259,59.187035,0.43386552,1.4876641,0.43364868,28.939226,0.21553493,0.665711,0.2155262,39.128574,0.29051745,0.9601396,0.28984037,0.44671932,0.3168933,0.0057246345,0.8034762,0.013529346,0.0565287,0.1260314,2.4748473,39.0625,0.206125,62,0.109961,0.004666155,0.00014776179,0.00014577039,0.00016325884,0.00017780934,0.00021668714,1
1.689189189189189,0.5920000000000001,0.12748622936079482,55.5763,0.41973147,1.4661227,0.41964772,29.740307,0.22011802,0.77176124,0.21981736,40.04448,0.28510767,0.8639604,0.28501856,0.39988816,0.33750322,0.005776164,0.800241,0.011997625,0.0640327,0.12354671,2.5305283,39.0625,0.20816666666666667,50,0.10267882,0.004680653,0.00013053857,0.00015021265,0.00019451889,0.00021961535,0.00025422397,1
1.717557251908397,0.5822222222222222,0.11153922858961213,44.448914,0.32272318,1.1116087,0.3225964,29.133291,0.2123296,0.7056651,0.2123223,31.252893,0.21121886,0.65791404,0.21102485,0.45492077,0.22542776,0.0052096616,0.88317865,0.0061113327,0.037464518,0.07313661,1.9193761,39.0625,0.21058333333333334,0,0.0,0.0046222005,7.500569e-05,8.726529e-05,9.3669325e-05,0.00010790254,0.00012406605,0
1.4209591474245116,0.70375,0.2057862693743722,55.63764,0.43664825,1.6141905,0.4366172,28.740425,0.21968392,0.7749795,0.21961315,37.86034,0.27181575,0.89537734,0.27140936,0.4068465,0.2780789,0.0059376964,0.77284455,0.012163121,0.07255097,0.14230825,2.6992042,39.0625,0.209625,75,0.12968114,0.004650307,0.00015968915,0.00019968433,0.00022346439,0.00023105464,0.0002816636,1
1.303538175046555,0.7671428571428571,0.2365650399876465,47.114532,0.3451724,1.2260689,0.34510434,28.23696,0.19771254,0.6135611,0.19721907,29.98452,0.22407359,0.6957361,0.22406785,0.46498984,0.37331232,0.005153779,0.8843813,0.0062217275,0.03580379,0.07342246,1.9078003,39.0625,0.20595833333333333,1,0.0002429745,0.004579469,7.146558e-05,8.062121e-05,8.993719e-05,0.00010389498,0.00011960093,0
1.4336917562724014,0.6975,0.24051754593964256,53.696957,0.4172456,1.2394274,0.41643915,27.29497,0.20857602,0.70076907,0.20848992,41.171345,0.2858738,0.9696645,0.28559396,0.3696709,0.16636719,0.0061471662,0.7572729,0.014584247,0.0742226,0.153705,2.8029194,39.0625,0.21254166666666666,80,0.13045728,0.004733513,0.00018793637,0.00020901182,0.00023645734,0.00024719443,0.00028681062,1
1.7301038062283736,0.5780000000000001,0.195402182134848,59.100407,0.43548828,1.5386454,0.43547055,29.569399,0.21151018,0.5817014,0.21147789,41.99146,0.29280093,1.0657928,0.2920116,0.45136026,0.30271488,0.006129016,0.7508762,0.012997791,0.07566488,0.16007061,2.8556342,39.0625,0.211875,61,0.12599608,0.0046708696,0.00016552988,0.00023263908,0.00024424747,0.0002310584,0.00031107783,1
1.5624999999999998,0.6400000000000001,0.21220362988706154,44.09529,0.33818033,1.1185573,0.33817533,28.13206,0.19965702,0.6884079,0.19903602,31.258844,0.2227008,0.78086317,0.22245064,0.43429655,0.3636049,0.005218187,0.8835785,0.006248685,0.035139576,0.07486572,1.9169068,39.0625,0.211,3,0.0007069663,0.0046325377,7.1919916e-05,8.176178e-05,8.895735e-05,0.000101594596,0.00012226608,0
1.5037593984962405,0.665,0.23977772149359777,57.76516,0.4266999,1.4238634,0.4266556,27.284567,0.20331132,0.61815935,0.20327382,40.452076,0.2890252,1.046538,0.2888574,0.45514348,0.23490228,0.0059807017,0.77330685,0.011129087,0.06682424,0.14826947,2.6802979,39.0625,0.209125,40,0.097917505,0.004680507,0.00015351067,0.00015833591,0.00018947342,0.00024127832,0.00026499256,1
1.5570934256055364,0.6422222222222221,0.23348069405081742,45.48188,0.3347605,0.93620455,0.33474192,29.526066,0.2051315,0.81444937,0.20508416,31.168812,0.22039036,0.6671882,0.22018936,0.49354988,0.2343541,0.0051673683,0.8822238,0.0063754823,0.037147824,0.07410685,1.9225135,39.0625,0.20529166666666668,1,0.00023592515,0.00458121,7.370069e-05,8.46169e-05,9.350829e-05,0.00010733025,0.00012168271,0
1.4260249554367204,0.7012499999999999,0.14392214500242542,57.067772,0.4263655,1.2235389,0.42636544,30.652449,0.2212076,0.67247427,0.22118124,37.715244,0.27531782,0.8805071,0.27517352,0.48628217,0.16796339,0.0061423206,0.74864686,0.011314114,0.08666193,0.15318272,2.8490238,39.0625,0.21108333333333335,77,0.12960477,0.004657063,0.00018723418,0.00023556766,0.00024135404,0.00029666588,0.00031157475,1
1.633393829401089,0.6122222222222222,0.09702407394787288,57.91338,0.43587598,1.5165809,0.43362737,30.098673,0.22073516,0.68112206,0.22070383,39.642143,0.28870496,0.96516013,0.28859368,0.36144593,0.22089672,0.006345586,0.72747576,0.01231761,0.104777396,0.15524565,2.999433,39.0625,0.21120833333333333,82,0.15509015,0.004683438,0.0001933084,0.00023574992,0.00030858262,0.00042900426,0.0004228595,1
1.7374517374517378,0.5755555555555555,0.13560315848439258,44.399372,0.32973626,1.0764819,0.32876784,27.909346,0.19745931,0.6712847,0.19735153,31.187712,0.22325702,0.6608387,0.2229611,0.4661478,0.53694373,0.005218194,0.88310444,0.0063676233,0.036002778,0.07440785,1.9186784,39.0625,0.212125,0,0.0,0.0046306993,7.079406e-05,8.141896e-05,9.547156e-05,0.00010644152,0.00012185696,0
1.7857142857142858,0.5599999999999999,0.061858956308549935,45.870037,0.34658116,1.15029,0.34629878,28.290619,0.20693424,0.6917875,0.20692624,30.552738,0.21776058,0.7693263,0.21769749,0.41681048,0.39209276,0.005199942,0.88276005,0.006681735,0.03683812,0.07361925,1.9192176,39.0625,0.20325,2,0.0004938022,0.004614383,7.6240314e-05,8.491353e-05,9.187401e-05,0.00010663327,0.00012606687,0
1.6977928692699489,0.5890000000000001,0.231977159171189,41.84632,0.32401392,1.1657046,0.3237517,27.838392,0.19890447,0.58158356,0.19879879,31.060738,0.21806394,0.83421683,0.2180052,0.36603576,0.45739684,0.005203309,0.8844154,0.006119547,0.03764975,0.07171207,1.9121304,39.0625,0.21,0,0.0,0.0046230266,7.369949e-05,8.747523e-05,9.688617e-05,0.00010841837,0.00011918667,0
1.5100671140939597,0.6622222222222223,0.2738345463142212,46.784485,0.33898243,1.0477275,0.33856657,25.792088,0.19240211,0.64484733,0.19239998,30.99155,0.22051796,0.7021111,0.22050749,0.4561119,0.39236304,0.005229398,0.88454634,0.0059695304,0.037548825,0.0718357,1.9046767,39.0625,0.20741666666666667,1,0.00024072982,0.004646052,7.349568e-05,8.5074964e-05,9.3826915e-05,0.00011127298,0.0001256366,0
1.4388489208633093,0.6950000000000001,0.21654556441362363,45.734398,0.33691797,1.0025392,0.33688724,26.98725,0.19690937,0.6417156,0.19690749,30.852533,0.2257412,0.83721954,0.22534943,0.41066903,0.26561818,0.0051962207,0.8841626,0.0061995774,0.03763804,0.07188035,1.910497,39.0625,0.20958333333333334,0,0.0,0.0046158493,7.106977e-05,8.5290725e-05,9.747099e-05,0.00011027512,0.00012303617,0
1.4336917562724014,0.6975,0.16121065105109472,54.92273,0.43594953,1.9557109,0.43585414,30.52414,0.23061863,0.7081835,0.23013784,40.963726,0.3023443,1.0740381,0.30228442,0.3470431,0.3582081,0.0058741,0.7993418,0.010720028,0.07294762,0.116717294,2.5564408,39.0625,0.20925,53,0.10393391,0.0047470997,0.00014646235,0.0002053289,0.0002028536,0.0002231267,0.00024781254,1
1.4336917562724014,0.6975,0.23236755349624624,47.165577,0.34687814,1.0849308,0.34664777,27.860409,0.19876935,0.659493,0.19845296,32.812363,0.22341855,0.74145675,0.22330946,0.46891853,0.21136767,0.005214232,0.884034,0.0062107276,0.036150243,0.073454924,1.9094598,39.0625,0.20808333333333334,2,0.00048787176,0.0046312017,6.948194e-05,8.104504e-05,9.484283e-05,0.00010744164,0.00012280128,0
1.5410958904109588,0.648888888888889,0.27819941091358835,56.750935,0.43906933,1.3750117,0.4386695,29.878202,0.2175639,0.7088193,0.21731935,37.939835,0.27901033,0.7609444,0.27894366,0.3853053,0.4275003,0.0059742727,0.78004587,0.012998879,0.07368119,0.13302127,2.6754215,39.0625,0.21025,59,0.10637363,0.004726677,0.00016935375,0.00017805457,0.00020972702,0.00026208677,0.00027336742,1
1.709401709401709,0.5850000000000001,0.14709796273792133,44.40916,0.34154287,1.1386535,0.34145176,27.68626,0.1986025,0.68886936,0.19856626,31.37753,0.2344466,0.7566841,0.23437397,0.42944914,0.3849933,0.0051882337,0.8827041,0.0063916915,0.036691707,0.07401116,1.9208088,39.0625,0.20866666666666667,1,0.0002679301,0.0046022306,7.225052e-05,8.3174105e-05,9.6576136e-05,0.000107181826,0.00011819674,0
1.451905626134301,0.6887500000000001,0.2189247261867369,57.75067,0.4651273,1.4071026,0.46506482,29.554178,0.22738831,0.70179623,0.2273739,40.021484,0.29204002,0.8255494,0.2919575,0.31512496,0.20304218,0.0060013947,0.7715252,0.012392609,0.07180997,0.14403307,2.7100158,39.0625,0.21325,66,0.112120405,0.0046935673,0.00014842857,0.00018411486,0.00022614199,0.00024679766,0.00027949145,1
1.6363636363636362,0.6111111111111112,0.2185148936980997,60.244392,0.46195373,1.8410367,0.4618699,30.108547,0.22262707,0.73747337,0.22261478,39.32454,0.28588098,0.8259542,0.2858755,0.39249882,0.3651642,0.0061438256,0.7518702,0.016951144,0.07976231,0.15103403,2.8385196,39.0625,0.213875,91,0.15432902,0.0047123833,0.00021557104,0.0002541343,0.00025859955,0.00023585127,0.0003057121,1
1.4414414414414412,0.6937500000000001,0.1652852392544901,57.026806,0.4469166,1.5424175,0.44618404,29.307577,0.21438251,0.6745903,0.21424341,39.19778,0.28002626,0.7959213,0.28002545,0.39312294,0.25375164,0.006125151,0.76817393,0.011806467,0.073135756,0.14667587,2.7289357,39.0625,0.21183333333333335,67,0.13112044,0.0047661224,0.00016035199,0.00022170189,0.00023024606,0.00022621547,0.0002689373,1
1.6920473773265652,0.591,0.13138178368426193,56.478462,0.42794815,1.4943554,0.42792395,30.37283,0.22631754,0.8845542,0.22631752,37.29702,0.26941198,0.85724336,0.26815432,0.4512973,0.3886685,0.0059244973,0.7861123,0.01258999,0.06392739,0.13720548,2.6243782,39.0625,0.21116666666666667,58,0.10445652,0.00472075,0.00015734516,0.00015976324,0.00018475877,0.0002189377,0.00023744829,1
1.4134275618374559,0.7075,0.2642155078404892,47.23126,0.34427214,1.0522614,0.344266,29.19149,0.206786,0.66095835,0.20631473,28.386066,0.2088863,0.67567813,0.20873882,0.48679134,0.29906964,0.0052118115,0.88382035,0.006210921,0.03640411,0.073441334,1.9103901,39.0625,0.20545833333333333,0,0.0,0.0046279496,7.0314294e-05,7.973916e-05,9.438637e-05,0.000109982975,0.00012311038,0
1.7094017094017089,0.5850000000000002,0.1554052031666386,45.42656,0.3349485,1.2119561,0.33485502,30.208754,0.21563587,0.7303535,0.21542577,29.66488,0.20834494,0.6361261,0.20819555,0.49117365,0.4011746,0.005191731,0.8818678,0.0059689605,0.038308058,0.07372439,1.9290681,39.0625,0.206625,2,0.00049104425,0.004598819,7.188394e-05,8.833454e-05,9.899141e-05,0.00011054055,0.00012586375,0
1.6216216216216215,0.6166666666666667,0.2343727895904823,57.79802,0.43718562,1.4286563,0.4370833,29.756273,0.22110315,0.6289692,0.22108626,40.222557,0.28908122,0.8081332,0.28898197,0.38429704,0.40997472,0.006110561,0.75025326,0.010569829,0.0729331,0.16595444,2.8260398,39.0625,0.20720833333333333,68,0.11487131,0.004638282,0.00015050302,0.00018609418,0.00022794236,0.00025951696,0.00031321784,1
1.2939001848428835,0.7728571428571429,0.24449620036750128,44.901466,0.3406145,1.2072964,0.34048828,27.753738,0.2011602,0.6559446,0.20114416,30.146652,0.21559915,0.700621,0.21542227,0.4272845,0.29761583,0.0052299756,0.8838261,0.006176977,0.037585486,0.07231903,1.9137372,39.0625,0.20470833333333333,1,0.00028306377,0.004643895,7.399251e-05,8.6814944e-05,9.983428e-05,0.000109746434,0.00011786771,0
1.465201465201465,0.6825,0.1771546097024049,45.509655,0.34093407,0.9786144,0.34082738,28.07971,0.20231338,0.6100499,0.20176044,33.25333,0.22825134,0.6125184,0.22824916,0.41996768,0.18906288,0.0051929993,0.88305056,0.0059194984,0.03753904,0.07339774,1.9145087,39.0625,0.20695833333333333,2,0.0004666648,0.0046057985,7.2000345e-05,8.467388e-05,9.722146e-05,0.000110256646,0.00012391053,0
1.7006802721088432,0.5880000000000001,0.18766141482390408,46.24099,0.34598708,1.1821947,0.34508142,27.370665,0.19860062,0.5512392,0.19854057,31.892475,0.2246644,0.7706007,0.22443031,0.4574781,0.24283409,0.0051337914,0.8819001,0.006283,0.037505116,0.0741756,1.9245672,39.0625,0.20775,0,0.0,0.0045493823,7.1938186e-05,8.388345e-05,9.5376665e-05,0.00010865055,0.00012758288,0
1.5180265654648957,0.65875,0.18016575406500765,45.871643,0.3516074,1.0526549,0.35152432,29.331148,0.21323985,0.7349063,0.2126188,30.715172,0.21782306,0.6994652,0.21782205,0.41726184,0.26669642,0.0051807663,0.88440704,0.0067103445,0.036608107,0.07217448,1.9071977,39.0625,0.20208333333333334,1,0.00028139408,0.0046060462,7.2893235e-05,8.4661384e-05,9.616143e-05,0.00010498758,0.000118153584,0
1.7857142857142856,0.56,0.151943192902319,55.657154,0.4313444,1.3389522,0.430733,28.294981,0.22106394,0.72793967,0.2202249,40.69739,0.2977891,0.91683066,0.29777646,0.3477602,0.3372301,0.006585617,0.71951425,0.013122247,0.08712982,0.17986535,3.085398,39.0625,0.212,96,0.17828768,0.004813261,0.00021740852,0.00023906222,0.00026786842,0.00033465677,0.0003677144,1
1.6920473773265652,0.591,0.18894191998267887,53.60429,0.435078,1.4783462,0.43500796,30.984053,0.23208638,0.7802746,0.23207755,38.328,0.28238797,1.1533426,0.28232047,0.3646099,0.67227376,0.0056519345,0.8106684,0.0134336315,0.06288944,0.112866044,2.4611666,39.0625,0.212125,29,0.05891143,0.004646958,0.00015213877,0.00015044706,0.00018779999,0.00020496764,0.00019444022,1
1.5414258188824663,0.6487499999999999,0.2429197925573563,43.256718,0.32267722,1.134098,0.3210453,29.036098,0.21245272,0.9288956,0.21194331,31.803308,0.22370526,0.6620546,0.22370154,0.4847435,0.29932514,0.0051838285,0.8830062,0.00607196,0.036577582,0.074241206,1.9157065,39.0625,0.21225,0,0.0,0.0045982404,7.251457e-05,8.187973e-05,9.188563e-05,0.00010772305,0.00012269313,0
1.4705882352941178,0.6799999999999999,0.27344637806383343,57.3529,0.44258678,1.823471,0.44255555,29.90132,0.22039968,0.6660046,0.22039768,41.115723,0.29272783,0.8852233,0.2926568,0.35736236,0.32019192,0.0059201205,0.7806388,0.009980469,0.06825858,0.1408664,2.650449,39.0625,0.21320833333333333,62,0.12703173,0.0046696416,0.00014000948,0.00017981348,0.00022212592,0.00022424427,0.00023995522,1
1.6483516483516483,0.6066666666666667,0.20499733844705076,45.19943,0.3423012,0.9913368,0.3419697,28.70223,0.2032579,0.6176099,0.20302474,30.921284,0.21836281,0.6899292,0.2181431,0.44553873,0.34681857,0.0052140923,0.8819531,0.0058978978,0.03698846,0.0750323,1.9247407,39.0625,0.20925,2,0.00047431007,0.0046186554,7.1560586e-05,8.391969e-05,9.36223e-05,0.000108932094,0.00012612806,0
1.5597920277296362,0.6411111111111111,0.21631170964326604,56.21421,0.4433333,1.6899756,0.4433325,29.24437,0.21460153,0.916618,0.21441327,41.08783,0.29536906,0.9465738,0.29535398,0.35687286,0.35013953,0.0058195475,0.79419637,0.007905233,0.06587214,0.13183677,2.544172,39.0625,0.21370833333333333,53,0.08770638,0.0046570078,0.00012701032,0.00016703273,0.00018799628,0.00021627599,0.0002385112,1
1.4285714285714286,0.7,0.21911230615808086,54.13959,0.40515196,1.1899893,0.4051398,28.315208,0.21387939,0.7769647,0.2133868,39.930363,0.2850613,0.9920086,0.2850436,0.42930302,0.18372636,0.005558612,0.82411116,0.010021455,0.062312234,0.10335841,2.3592448,39.0625,0.20725,39,0.06614613,0.0046259025,0.00012611187,0.00014125275,0.00017989975,0.00020508576,0.00019536406,1
1.7152658662092626,0.583,0.23668804054853856,53.295624,0.42261404,1.2621764,0.42261386,29.22197,0.21527798,0.7368594,0.21523969,39.568886,0.27777866,0.77227604,0.27772942,0.34206873,0.39838034,0.006096995,0.7497173,0.014925486,0.07696273,0.15812756,2.8469005,39.0625,0.21058333333333334,79,0.13429803,0.0046511893,0.00018348153,0.00020254427,0.0002477159,0.0002666411,0.00031001653,1
1.7152658662092626,0.583,0.13893653277981935,45.198193,0.35057035,1.3692364,0.3505322,26.88013,0.19566652,0.59535456,0.1952077,30.40801,0.21940821,0.75839305,0.21900505,0.36135268,0.54324645,0.0051754164,0.88384074,0.0058062337,0.0371822,0.07301729,1.9110935,39.0625,0.20575,0,0.0,0.004593726,7.023299e-05,8.4718704e-05,9.695977e-05,0.00010770525,0.00012099234,0
1.6574585635359118,0.6033333333333333,0.19470729165353767,44.33468,0.32423648,1.1608381,0.32352424,27.913998,0.20708708,0.60246795,0.20704946,32.396088,0.22929206,0.83493894,0.22882289,0.43340254,0.41327256,0.0052012964,0.8823245,0.006742157,0.036902063,0.0738962,1.921894,39.0625,0.210125,0,0.0,0.0046136407,7.5724514e-05,8.386049e-05,9.580728e-05,0.00010806872,0.00012184647,0
1.4285714285714286,0.7,0.2110469498806744,53.350407,0.4025729,1.2542309,0.40256482,29.224997,0.21917441,0.7184068,0.21826626,40.31016,0.28868002,0.89395726,0.28824162,0.405051,0.25415304,0.0059838756,0.7726171,0.0119716115,0.06607851,0.14918666,2.7110806,39.0625,0.21745833333333334,78,0.13671905,0.0046838946,0.00017093869,0.0001831014,0.00016747482,0.00021226484,0.0002590293,1
1.6791044776119401,0.5955555555555556,0.23186928257168044,44.36172,0.32897466,1.0762076,0.3285717,27.750906,0.19958095,0.7476357,0.19954504,30.682713,0.21882306,0.68638784,0.21873783,0.44913694,0.20618682,0.0052188365,0.88296634,0.0065108812,0.03594512,0.07440404,1.9169335,39.0625,0.20758333333333334,2,0.0004754498,0.004631295,7.376289e-05,8.2145045e-05,9.123624e-05,0.00010543773,0.00012094846,0
1.444043321299639,0.6925,0.22553788334872768,48.11932,0.3565677,1.4218339,0.35603225,26.750004,0.20414951,0.59531295,0.2040745,30.03997,0.22238076,0.6971141,0.22217268,0.47155628,0.48194742,0.005231764,0.8807422,0.006022896,0.03852485,0.074642465,1.9320041,39.0625,0.207875,2,0.00047913907,0.004628617,7.2846706e-05,8.960073e-05,0.000102593774,0.00011194192,0.00012672483,0
1.4440433212996393,0.6924999999999999,0.27793144685881355,53.00446,0.42346147,1.395539,0.42318895,29.71562,0.2263469,0.76122427,0.22633255,42.761955,0.2991973,1.0526345,0.29878435,0.36454475,0.49560547,0.0060535176,0.76440364,0.01083856,0.08164397,0.14290826,2.7666538,39.0625,0.20891666666666667,61,0.1139793,0.0046819644,0.00017836195,0.00023947298,0.0002381982,0.00025469906,0.00029105035,1
1.5177065767284992,0.6588888888888889,0.2301098124052904,56.670288,0.4438254,1.6215234,0.44340503,28.90355,0.21959929,0.72634894,0.21953145,41.228947,0.3006006,1.0706427,0.3003351,0.34897226,0.42944273,0.0055865864,0.8163936,0.007582583,0.051915184,0.124009795,2.3907797,39.0625,0.21070833333333333,31,0.06382742,0.004592652,0.00010102061,0.000120977544,0.00014097888,0.0001690295,0.00020847727,1
1.4466546112115735,0.6912499999999999,0.18616897536467011,52.707127,0.4178081,1.4040833,0.4177388,30.703156,0.22115836,0.6063643,0.22110778,40.27752,0.28474227,0.8695929,0.28472507,0.3815597,0.23033947,0.0058710887,0.78909576,0.0129317,0.06918696,0.12860481,2.5885904,39.0625,0.21345833333333333,48,0.09067721,0.004697722,0.00016845766,0.0001956913,0.0002082735,0.00021047019,0.0002969466,1
1.6453382084095065,0.6077777777777778,0.16882480717641368,47.117695,0.33763394,1.183046,0.3376337,27.191519,0.19782402,0.625149,0.19774067,31.136387,0.22277947,0.6717831,0.22267197,0.45394292,0.3416636,0.005190573,0.88466334,0.0057428856,0.03625548,0.073222265,1.9007804,39.0625,0.20808333333333334,0,0.0,0.004611071,6.8588364e-05,8.186911e-05,9.398776e-05,0.000106308595,0.00012075575,0
1.4336917562724014,0.6975,0.241157646994218,45.271435,0.34182087,1.1867652,0.3417279,29.486042,0.20650779,0.67471915,0.20572299,31.099928,0.22485176,0.6378315,0.22464567,0.4282015,0.37210307,0.0051728734,0.8839644,0.0060628285,0.03669958,0.07313782,1.9073663,39.0625,0.208375,0,0.0,0.0045934324,6.978555e-05,8.459632e-05,9.5912066e-05,0.000105236846,0.00012153584,0
1.3816925734024181,0.7237499999999999,0.22512871901444265,47.934635,0.3599707,1.1442616,0.35936305,26.814463,0.19556423,0.5845275,0.1955507,29.420483,0.20924465,0.7006562,0.20924418,0.4480103,0.24019866,0.0051972456,0.88265467,0.006203668,0.03648829,0.07454079,1.919152,39.0625,0.207625,0,0.0,0.0046089776,7.298818e-05,8.09413e-05,9.3317925e-05,0.00010868811,0.00012082697,0
1.5490533562822717,0.6455555555555557,0.24275215062537428,57.43736,0.4357464,1.4316008,0.43559307,29.572699,0.2219354,0.6611789,0.2217988,42.8395,0.30397895,0.8844151,0.30350584,0.36889017,0.33164114,0.005785597,0.8028289,0.012045108,0.06637489,0.11856026,2.5021956,39.0625,0.21275,53,0.09684944,0.0047034547,0.00014934264,0.00016047325,0.000204061,0.00022350723,0.00022300944,1
1.4598540145985401,0.685,0.25672270274958053,45.65139,0.33606204,1.1090213,0.3360422,28.240738,0.20130488,0.6080784,0.20057696,31.316198,0.22110964,0.7424222,0.22109792,0.41580334,0.16975412,0.005218447,0.8829223,0.0063137454,0.037551027,0.0730245,1.9183629,39.0625,0.20716666666666667,0,0.0,0.004629698,7.428942e-05,8.6790365e-05,9.7891774e-05,0.00010915795,0.00011996181,0
1.6304347826086958,0.6133333333333333,0.14461015737755253,45.507122,0.3305939,1.2352314,0.33046824,28.601099,0.20635109,0.78777844,0.20625865,29.17094,0.216183,0.64151996,0.21590939,0.4839791,0.31983173,0.005198875,0.8808155,0.00676787,0.036600024,0.075696245,1.9310038,39.0625,0.209875,0,0.0,0.004603822,7.44944e-05,8.402919e-05,9.692444e-05,0.0001062406,0.00012212526,0
1.4519056261343013,0.68875,0.20641041706711408,55.02347,0.40876392,1.1275904,0.4083972,30.525358,0.22042505,0.7469229,0.22008961,37.936844,0.27696815,0.79382443,0.2765224,0.42769232,0.19137253,0.0060309884,0.7656025,0.011069915,0.06979041,0.15318216,2.7449725,39.0625,0.208625,65,0.12120365,0.0046731657,0.00015772188,0.00019046312,0.0002288627,0.00023039732,0.00027203583,1
1.4814814814814814,0.675,0.2476778259203357,45.823772,0.336908,1.1457008,0.33639684,28.772705,0.20666695,0.654643,0.20648831,32.432465,0.22360264,0.6835286,0.22358331,0.4467157,0.2617734,0.0051708855,0.88318324,0.006413388,0.037306394,0.07304268,1.9158889,39.0625,0.21004166666666665,0,0.0,0.004589456,7.3778756e-05,8.551569e-05,9.710517e-05,0.00010738196,0.000121149584,0
1.5544041450777202,0.6433333333333333,0.22727162547724217,59.929993,0.4586426,1.3557578,0.4583662,28.561752,0.22276896,0.91460127,0.22270323,41.61884,0.28697932,0.8154542,0.28690752,0.3733865,0.25602105,0.005769156,0.81244874,0.0079352865,0.061128493,0.11827479,2.443925,39.0625,0.21129166666666666,62,0.10035572,0.0047217575,0.00011132225,0.00013366384,0.0001598926,0.00021896306,0.00023721787,1
1.5280135823429541,0.6544444444444445,0.25600103955136966,45.17748,0.3287578,0.96160454,0.3287215,29.526789,0.20755938,0.72685236,0.20755915,30.148996,0.22163253,0.7661975,0.22161129,0.48181432,0.44469833,0.005178414,0.8802402,0.006738562,0.03663754,0.07627029,1.9342105,39.0625,0.20925,1,0.00023185574,0.0045826267,7.381272e-05,8.256339e-05,9.600008e-05,0.00010715183,0.00012332437,0
1.615798922800718,0.6188888888888889,0.1933631856416901,55.624794,0.41393864,1.3619,0.41298026,28.834623,0.21203512,0.65282077,0.21185133,38.030476,0.28138614,0.8854913,0.28080076,0.4490671,0.28729522,0.005766476,0.7957705,0.011626151,0.06664878,0.12570511,2.538988,39.0625,0.20641666666666666,52,0.08529944,0.0046450286,0.00013327446,0.00016427647,0.00020519577,0.00022001438,0.000217879,1
1.5985790408525753,0.6255555555555556,0.24291752360918709,44.728016,0.3314397,1.0796927,0.33095053,27.618849,0.19802605,0.79617554,0.19796833,31.489647,0.22258909,0.6793689,0.22258167,0.44073054,0.2543207,0.0052302103,0.8822011,0.0064856433,0.036894727,0.07429188,1.9247553,39.0625,0.209375,1,0.00023552186,0.0046372507,7.3768526e-05,8.517938e-05,9.833554e-05,0.00010777838,0.00012237483,0
1.2844036697247707,0.7785714285714285,0.22187423956286026,60.386448,0.44777355,1.6546317,0.4464978,30.068268,0.22639471,0.74520934,0.22638711,39.974514,0.28455925,0.896728,0.28444096,0.447131,0.1817566,0.0065878252,0.71355927,0.015024802,0.08251229,0.1887217,3.0976684,39.0625,0.21041666666666667,91,0.16588914,0.0047883024,0.00023626615,0.00026680392,0.00025474784,0.00027669873,0.00042690214,1
1.5473887814313347,0.64625,0.1729925094224449,58.218094,0.44144925,1.4867138,0.44144863,29.177746,0.23032692,0.8146177,0.23015122,40.544914,0.2778589,1.1043521,0.27772924,0.3720923,0.29240778,0.005721768,0.8108741,0.010728381,0.055283062,0.122811496,2.4475775,39.0625,0.212375,43,0.0683042,0.004690003,0.00013528901,0.00013821003,0.00014566394,0.0001780814,0.00021147699,1
1.584507042253521,0.6311111111111112,0.22451152289683557,44.378414,0.34098023,1.0287436,0.34087107,28.092478,0.20079255,0.5958077,0.20078854,32.741047,0.23142941,0.7003611,0.2314279,0.42369235,0.47761,0.0052016526,0.88361406,0.006721565,0.03640808,0.07316419,1.9116014,39.0625,0.20716666666666667,0,0.0,0.0046205246,7.713098e-05,8.4102656e-05,9.159217e-05,0.000105270454,0.00012186831,0
1.587301587301587,0.6300000000000001,0.20396121652332863,45.176895,0.32332963,1.096498,0.32327247,28.690674,0.21261446,0.65790874,0.21228927,30.321627,0.2169502,0.7169487,0.21693762,0.47803062,0.41015995,0.005199701,0.88451374,0.0064659715,0.035965197,0.07287226,1.9045198,39.0625,0.20558333333333334,1,0.00023210442,0.0046221297,7.2266426e-05,8.17657e-05,9.3588336e-05,0.00010523368,0.00012046058,0
1.484230055658627,0.6737500000000001,0.23908747265259075,59.382736,0.450818,1.7562379,0.4501374,28.992558,0.20906557,0.65811956,0.20905463,41.294304,0.28664008,0.9410887,0.28649485,0.41455087,0.32435912,0.0055002547,0.84445804,0.007935282,0.047142852,0.10037621,2.2132864,39.0625,0.20820833333333333,40,0.058947798,0.004677425,0.00010047557,0.00011995507,0.00012954762,0.00013932573,0.00017455891,1
1.697792869269949,0.589,0.1835580253877605,47.548378,0.3531504,1.2624516,0.35100403,26.790848,0.19380827,0.6477814,0.19354685,30.472374,0.22137727,0.8212046,0.2213477,0.4686022,0.2405223,0.0051774066,0.882461,0.006099454,0.037324995,0.074005485,1.9211488,39.0625,0.211375,1,0.00023335271,0.0045898897,7.0930735e-05,8.292593e-05,9.5441195e-05,0.000110311215,0.0001239463,0
1.6423357664233575,0.6088888888888889,0.18780554918229728,56.331585,0.43663457,1.3786898,0.4366321,27.219246,0.20667186,0.66962105,0.20661835,41.36287,0.29232275,0.9862269,0.29227453,0.37389728,0.34147978,0.0060354094,0.76183736,0.012583533,0.07550927,0.1496802,2.7591925,39.0625,0.22104166666666666,79,0.14365189,0.004663058,0.00016802133,0.00019170754,0.00025681662,0.0002639686,0.0002573672,1
1.5544041450777206,0.6433333333333332,0.18333477448654892,45.36348,0.3472166,1.1162939,0.34719545,29.18666,0.20910776,0.75240165,0.20909522,30.861467,0.22204894,0.75573975,0.22202629,0.3838509,0.33672377,0.0052430504,0.88435173,0.0063331164,0.036918934,0.072302915,1.9108295,39.0625,0.204375,0,0.0,0.0046590357,7.363738e-05,8.290209e-05,9.440472e-05,0.00011065619,0.00012321888,0
1.5280135823429544,0.6544444444444444,0.23574267833615303,58.876324,0.4293607,1.4445695,0.429294,29.074703,0.21878111,0.6633688,0.2187476,38.29766,0.28188404,0.94036484,0.28178638,0.45102108,0.26582423,0.005665592,0.8192759,0.008641426,0.056695018,0.115225606,2.3912334,39.0625,0.21016666666666667,46,0.07266177,0.0046796747,0.00012649992,0.00013269695,0.00014366448,0.00018848732,0.00022481059,1
1.3779527559055118,0.7257142857142858,0.19816489965791492,42.862713,0.338249,1.1969453,0.33814192,28.874779,0.21175522,0.6626743,0.21168967,30.63659,0.21957852,0.61708987,0.2193363,0.34745815,0.13642818,0.00519568,0.8835388,0.006037326,0.03641285,0.07390129,1.9153482,39.0625,0.20945833333333333,0,0.0,0.004611304,7.04368e-05,8.222115e-05,9.574491e-05,0.00010695926,0.000121354744,0
1.2939001848428835,0.7728571428571429,0.17203302222808178,56.423717,0.4240008,1.4742589,0.42382437,29.83584,0.22439604,0.78341824,0.22431915,38.82742,0.28363997,0.9660671,0.28356948,0.41771486,0.34996617,0.0058069727,0.8026661,0.010761866,0.063456856,0.12288935,2.5105486,39.0625,0.214,62,0.09914516,0.004712433,0.00014884188,0.00016091693,0.00017077073,0.0002075408,0.00023757793,1
1.5384615384615388,0.6499999999999999,0.2313951589565561,55.89656,0.42807606,1.426235,0.42738804,29.579065,0.21248712,0.6728154,0.21247156,42.926605,0.30297288,1.1477157,0.30294463,0.42327896,0.40574032,0.0062799286,0.7450555,0.013838342,0.07895401,0.16195902,2.907178,39.0625,0.21129166666666666,56,0.14141133,0.004754478,0.00017492527,0.00021143594,0.00025718586,0.00028432682,0.00031230715,1
1.3468013468013469,0.7424999999999999,0.2059934723494809,46.084335,0.35005194,0.9875822,0.34972847,30.027943,0.21154638,0.80426323,0.21153654,31.603914,0.22951654,0.8082749,0.22924301,0.42430437,0.38027695,0.0052231965,0.883757,0.006051148,0.03621205,0.07387791,1.9141457,39.0625,0.20375,0,0.0,0.004636876,7.0202244e-05,8.368746e-05,9.363872e-05,0.000105446125,0.00012499192,0
1.4388489208633095,0.695,0.2550661531822976,54.73528,0.4199567,1.7077713,0.41991287,30.02608,0.2185238,0.77007395,0.2185235,40.80291,0.29443613,0.9536084,0.29404598,0.39277372,0.43059483,0.005900977,0.78376615,0.011880502,0.065856785,0.13835476,2.623106,39.0625,0.213875,82,0.113005586,0.0046841055,0.00015733205,0.00018542304,0.00018563587,0.00020315853,0.00025179208,1
1.6574585635359118,0.6033333333333333,0.1622090388131452,45.101505,0.33917966,0.90748465,0.33898997,27.515059,0.19770685,0.720623,0.19758098,30.578966,0.22269161,0.7352161,0.22073792,0.41758165,0.26352638,0.0052315495,0.88259226,0.0063468143,0.036763962,0.074119106,1.9207443,39.0625,0.20508333333333334,0,0.0,0.004639748,7.328116e-05,8.376542e-05,9.449047e-05,0.000108557666,0.0001247307,0
1.3333333333333333,0.75,0.15516504063144748,46.102814,0.34139314,1.3091456,0.34139287,28.256105,0.2063234,0.7728962,0.20561343,31.172945,0.21799003,0.76627755,0.21798782,0.42919978,0.23406413,0.0052018263,0.8829578,0.00588514,0.037714,0.07325684,1.9144862,39.0625,0.20720833333333333,1,0.00023962541,0.00461295,7.044655e-05,8.4399195e-05,9.723214e-05,0.00011177269,0.00012507685,0
1.5985790408525753,0.6255555555555556,0.20236199134591643,59.1894,0.45142835,1.3030853,0.45134208,28.193525,0.20582338,0.6728758,0.2050733,38.56056,0.28207222,1.0871682,0.28191084,0.39357936,0.24223909,0.005751495,0.7983931,0.012413997,0.06004958,0.12878472,2.5095997,39.0625,0.214,73,0.13105871,0.0046525127,0.00016308777,0.00016500126,0.00016666614,0.00018034369,0.00021042259,1
